code,volume
00001,1506174
00002,511275
00003,9360108
00004,132000
00005,3225635
00006,753007
00008,1354227
00010,89000
00012,3799778
00013,2602000
00014,1724500
00016,1203901
00017,1795110
00018,0
00019,241485
00020,223521800
00021,7305000
00022,67200
00023,1256183
00025,0
00026,2000
00027,5213285
00028,20000
00029,60000
00030,10000
00031,3615600
00032,0
00033,0
00034,32000
00035,2987000
00036,0
00037,0
00038,2301347
00039,0
00040,0
00041,742856
00042,0
00045,67000
00046,0
00048,0
00050,5000
00051,37000
00052,22000
00053,2000
00055,20000
00057,16000
00058,20000
00059,0
00060,0
00061,80062
00062,14400
00063,0
00064,510400
00065,2000
00066,1455655
00068,5082829
00069,1212000
00070,0
00071,37000
00072,80000
00073,0
00075,37000
00076,40000
00077,50000
00078,18000
00079,0
00080,270000
00081,1478000
00082,2303000
00083,3264980
00084,0
00085,96000
00086,74000
00087,183977
00088,6000
00089,0
00090,0
00092,36000
00093,6000
00094,0
00095,56000
00096,0
00097,403050
00098,36000
00099,0
00100,5342897
00101,4366915
00103,5000
00104,0
00105,0
00106,0
00107,200000
00108,292000
00110,132000
00111,20000
00113,10500
00114,0
00115,0
00116,240000
00117,2008000
00118,68000
00119,4877000
00120,2400
00122,9200
00123,3344836
00124,49896
00125,0
00126,0
00127,88500
00128,136000
00129,0
00130,0
00131,0
00132,0
00133,64000
00135,7155658
00136,19789200
00137,0
00138,0
00139,3840000
00142,1922000
00144,1600406
00145,8000
00146,0
00147,50815000
00148,14806120
00149,5000
00150,75600
00151,3187623
00152,801978
00154,2000
00156,0
00157,0
00158,0
00159,1332000
00160,0
00162,0
00163,60000
00164,120000
00165,1732000
00166,0
00167,0
00168,520500
00169,0
00171,0
00173,106000
00174,0
00175,22677452
00176,0
00177,2302000
00178,8581000
00179,891371
00180,0
00181,0
00182,4782000
00183,0
00184,0
00185,0
00186,210000
00187,256000
00188,0
00189,7651000
00191,64000
00193,0
00194,0
00196,72000
00197,1435387
00199,1043800
00200,790046
00201,0
00202,11100000
00204,0
00205,0
00206,5000
00209,1386000
00210,0
00211,0
00212,0
00213,150000
00214,0
00215,138000
00216,0
00217,304000
00218,5000
00219,10000
00220,1810949
00222,8000
00223,0
00224,52000
00225,0
00227,24000
00228,262000
00229,0
00232,39175405
00234,3960000
00235,1145000
00236,0
00237,0
00239,0
00240,0
00241,63230330
00242,432000
00243,54000
00244,3000
00245,0
00247,0
00248,30000
00251,0
00252,0
00253,0
00254,940000
00255,6000
00256,488000
00257,3134410
00258,222000
00259,56000
00261,224880
00262,10000
00264,4932000
00265,0
00266,0
00267,3923913
00268,20118722
00269,3110000
00270,2964468
00271,3000
00272,750544
00274,0
00276,60000
00277,0
00279,30000
00280,338000
00285,2343000
00286,0
00287,0
00288,16444040
00289,0
00290,8944000
00291,5316022
00293,1734492
00294,130000
00295,850000
00296,0
00297,17486292
00298,0
00299,0
00300,2196541
00301,288000
00302,98000
00303,358900
00305,550000
00306,26000
00308,1160000
00309,0
00310,0
00311,0
00312,4000
00313,0
00314,451600
00315,197500
00316,419840
00317,3736000
00318,0
00320,0
00321,384000
00322,5624380
00323,954000
00325,316200
00326,799000
00327,2330000
00328,2622000
00329,0
00330,40075
00331,73000
00332,0
00333,0
00334,0
00335,0
00336,11125000
00337,365000
00338,3714000
00339,20000
00340,8034000
00341,144000
00343,1220000
00345,8000
00346,0
00347,1018000
00348,0
00351,0
00352,0
00353,584000
00354,11332500
00355,416000
00356,0
00357,113000
00358,4586179
00360,8000
00361,47400000
00362,0
00363,506000
00365,3548000
00366,202000
00367,28000
00368,840000
00369,0
00370,24498000
00371,10622422
00372,0
00373,6000
00374,0
00375,227000
00376,8962000
00377,49600
00379,13947000
00380,0
00381,1440000
00382,126000
00383,0
00384,1794400
00385,0
00386,54488787
00387,12000
00388,1375408
00389,83000
00390,9533000
00391,6280000
00392,269600
00393,0
00396,0
00397,220000
00398,608000
00399,0
00400,1977000
00401,0
00403,86000
00406,0
00408,210000
00410,179500
00411,0
00412,786000
00413,0
00417,0
00418,0
00419,580000
00420,94000
00422,0
00423,22000
00425,2878520
00426,646000
00428,0
00430,0
00432,6758
00433,8910000
00434,7276333
00436,0
00438,800
00439,0
00440,53200
00442,19000
00444,0
00450,0
00451,514000
00455,0
00456,56000
00458,0
00460,7681000
00464,136000
00465,20000
00467,5958000
00468,0
00470,477700
00471,536000
00472,0
00474,126000
00475,0
00476,381400
00480,120000
00482,0
00483,0
00484,0
00485,0
00486,122000
00487,0
00488,249
00491,1020000
00493,791000
00496,0
00497,270000
00498,0
00499,0
00500,211000
00501,178700
00505,0
00506,976000
00508,0
00509,0
00510,6
00511,150700
00512,839000
00513,50000
00515,0
00517,702000
00518,20000
00519,305000
00520,171500
00521,1110000
00522,1989540
00524,50000
00525,2642000
00526,510000
00527,768000
00528,58000
00529,4000
00532,32000
00533,0
00535,624000
00536,56000
00537,418200
00538,106000
00540,0
00542,76000
00543,0
00544,40000
00546,7427000
00547,30000
00548,50000
00550,1424000
00551,986500
00552,3504000
00553,464000
00554,0
00556,62000
00557,0
00558,242500
00559,0
00560,74000
00563,2000
00564,613200
00565,4065000
00567,80000
00568,7081600
00570,7080000
00571,280000
00572,0
00573,0
00574,0
00575,24700
00576,4724000
00579,386000
00580,1472000
00581,158000
00582,0
00583,0
00585,7500
00586,1629000
00587,27000
00588,2008000
00590,313000
00591,1007000
00595,476000
00596,856000
00598,887700
00599,0
00600,2040300
00601,0
00602,0
00603,202000
00604,1954000
00605,15000
00606,40000
00607,100400
00608,8000
00609,40000
00610,198000
00611,20000
00612,0
00613,90000
00616,6585000
00617,24000
00618,9500
00619,0
00620,86000
00621,6365000
00622,16434000
00623,10000
00625,599005
00626,3610000
00627,0
00628,5970000
00629,14000
00630,850000
00631,2252295
00632,116000
00635,0
00636,175000
00637,10000
00638,1243600
00639,14914000
00640,0
00641,0
00643,540000
00645,0
00646,376000
00648,1
00650,1024000
00653,0
00655,26000
00656,1660500
00657,0
00658,53000
00659,467000
00660,0
00661,11960900
00662,0
00664,1800
00666,1661800
00667,1163500
00668,37000
00669,891748
00670,6334000
00672,531400
00673,6060
00674,0
00675,0
00676,2000
00677,408000
00679,310000
00681,0
00682,3900
00683,286000
00684,0
00685,0
00686,20000
00687,4000
00688,10957039
00689,0
00690,170000
00691,1000
00693,0
00694,1034000
00695,452000
00696,2261000
00697,5363797
00698,12000
00699,1948500
00700,49745919
00701,0
00702,0
00703,24000
00704,0
00707,0
00708,0
00709,442000
00710,605000
00711,0
00712,0
00713,100000
00716,314000
00717,264000
00718,0
00719,11828000
00720,75000
00721,0
00722,0
00723,1500
00725,2000
00726,0
00727,0
00728,21760766
00730,0
00731,80000
00732,490000
00733,0
00736,1115250
00737,167500
00738,0
00743,401000
00745,94400
00746,38000
00747,0
00750,22000
00751,1522000
00752,6000
00753,12418000
00754,0
00755,0
00756,88000
00757,5000
00759,0
00760,0
00762,9143953
00763,4043680
00764,0
00765,0
00767,20000
00768,100000
00769,0
00770,0
00771,0
00772,2756651
00775,854000
00776,60000
00777,550500
00780,2868000
00784,30000
00788,4656760
00789,0
00794,0
00797,0
00798,224000
00799,634000
00800,1020400
00804,360002
00805,434000
00806,111000
00807,121000
00809,30000
00810,0
00811,18551000
00813,33370500
00814,0
00815,4102000
00816,32260
00817,36514000
00818,681000
00819,4484000
00821,280000
00822,0
00825,4000
00826,4614000
00827,100000
00828,20000
00829,356000
00830,0
00831,70000
00832,0
00833,132000
00834,104000
00836,2433793
00837,6000
00838,214000
00839,2817000
00840,0
00841,10000
00842,284000
00844,12000
00845,0
00846,0
00848,0
00851,0
00852,1220000
00853,0
00854,0
00855,878000
00856,1330000
00857,42168819
00858,40000
00859,0
00860,20000
00861,794521
00862,0
00863,2189048
00864,0
00865,0
00866,656000
00867,1350000
00868,8331898
00869,355750
00871,49000
00873,178000
00874,302000
00875,222000
00876,0
00878,70000
00880,6861000
00881,4643000
00882,26000
00883,75583624
00884,19404000
00887,200000
00888,0
00889,24000
00893,8000
00894,3594000
00895,418200
00896,0
00897,0
00898,0
00899,310000
00900,0
00901,136600
00902,6787000
00905,48000
00907,0
00909,1488000
00910,39366000
00911,0
00912,4000
00913,90000
00914,4082000
00915,0
00916,5287000
00917,2139400
00918,582000
00919,0
00921,161000
00922,20000
00923,1334000
00924,0
00926,0
00927,0
00928,1508000
00929,130000
00931,5775002
00932,104000
00933,445
00934,320000
00936,0
00938,16000
00939,89765194
00941,4493970
00943,192000
00945,9097
00947,109000
00948,0
00950,308000
00951,680000
00952,0
00953,176000
00954,0
00956,587000
00959,0
00960,14277517
00966,2593000
00968,18606000
00969,80000
00970,0
00974,0
00975,1497750
00976,0
00978,10000
00979,24000
00980,0
00981,26223258
00983,84000
00984,7000
00986,2655000
00987,8000
00989,80000
00990,4795883
00991,5874077
00992,43734134
00993,319600
00994,60000
00995,260000
00997,0
00998,12033747
00999,1968800
01000,61500
01001,0
01002,0
01003,390000
01004,5200
01005,0
01007,0
01008,690000
01009,50000
01010,272000
01011,50000
01013,0
01020,6696000
01021,3362400
01022,49500
01023,40000
01024,31515582
01025,816000
01026,0
01027,0
01028,176000
01029,48000
01030,16961526
01033,8153000
01036,0
01037,512000
01038,341983
01039,0
01044,2159500
01045,270000
01046,12433500
01047,0
01049,13
01050,2108000
01051,7000
01052,1356000
01053,1970000
01055,6768000
01057,1924000
01058,0
01059,0
01060,29031600
01061,39000
01062,5880000
01063,26600
01064,215000
01065,38000
01066,4849200
01068,2000
01069,10000
01070,3575000
01071,3472000
01072,1134880
01073,0
01075,0
01079,30000
01080,1500
01081,1468500
01082,0
01083,1610000
01084,0
01085,12000
01086,2430000
01087,124000
01088,4006444
01090,0
01091,1051000
01093,29579602
01094,1784000
01097,360000
01098,0
01099,1828399
01100,56000
01101,0
01102,2916500
01104,340000
01105,32000
01107,0
01108,1286000
01109,14457050
01110,572000
01111,0
01112,532500
01113,840563
01114,2884000
01115,8250000
01116,70000
01117,6527000
01118,0
01119,1704000
01120,0
01121,8000
01122,236000
01123,100000
01124,0
01125,0
01126,183000
01127,100000
01128,2780749
01129,0
01130,120000
01132,75000
01133,1840000
01134,12000
01137,951000
01138,27559023
01140,712000
01141,715000
01142,2496000
01145,1460000
01146,1216000
01147,310000
01148,80000
01150,0
01152,1384000
01153,0
01156,2088000
01157,3695060
01159,0
01160,0
01161,0
01162,40000
01163,12500
01164,24824081
01165,0
01166,2080000
01167,389100
01168,161500
01170,0
01171,7966756
01172,1100000
01173,0
01176,39178000
01177,49858894
01179,298200
01180,0
01181,0
01182,0
01183,4000
01184,42000
01186,1059500
01187,23200
01188,0
01191,1510490
01193,354900
01195,4000
01196,0
01198,0
01199,2388000
01200,224000
01201,13800
01202,0
01203,0
01204,0
01205,8334600
01206,106000
01208,19276289
01209,1655306
01211,7705541
01213,0
01215,9840000
01216,11000
01217,40000
01218,0
01220,0
01221,0
01222,0
01223,3310000
01224,0
01225,0
01226,0
01228,86000
01229,0
01231,0
01232,1400
01233,1216000
01234,49000
01235,0
01236,386800
01237,0
01238,428000
01239,0
01240,0
01241,0
01243,2140000
01244,40000
01245,670000
01247,66000
01250,2000
01251,0
01252,0
01253,0
01255,0
01257,100000
01258,5334248
01259,1000
01260,158000
01262,0
01265,0
01268,332813
01269,160000
01270,87913
01271,2000
01272,0
01273,0
01274,307600
01276,2625200
01277,5676000
01278,0
01280,62000
01281,0
01282,304600
01283,235000
01284,195000
01285,0
01286,843000
01288,34953755
01289,1500
01290,0
01292,18000
01293,0
01298,0
01299,11314439
01300,14636000
01301,64000
01302,4602000
01303,0
01304,72600
01305,0
01308,870636
01310,296500
01312,0
01313,7204198
01314,0
01315,1000
01316,2027000
01317,0
01318,707600
01319,0
01321,0
01323,0
01326,0
01327,0
01328,17000
01330,502000
01332,1040000
01333,2043600
01334,735000
01335,36000
01336,1562580
01338,124000
01339,8400490
01340,0
01341,0
01343,130000
01345,0
01346,16000
01347,18072616
01348,230000
01349,1214000
01351,1472000
01354,43800
01355,2160000
01357,30504314
01358,0
01359,8188000
01361,1036000
01362,8000
01364,822800
01368,2637775
01370,2616000
01371,20
01372,169000
01373,89000
01375,2992000
01376,0
01377,209204
01378,15395909
01379,0
01380,120000
01382,310000
01384,1812400
01385,2604653
01388,135000
01389,164400
01392,4856060
01393,2616000
01395,0
01396,2429500
01397,8000
01398,64585061
01399,6000
01400,34250000
01401,568000
01402,790000
01405,103620
01406,0
01407,22000
01408,10000
01410,580000
01412,730000
01413,163000
01415,839050
01416,30000
01417,608000
01418,0
01419,0
01420,0
01421,130000
01425,525000
01427,25000
01428,3112000
01429,152000
01431,0
01432,0
01433,0
01440,1017500
01442,0
01443,106000
01446,50000
01447,0
01448,0
01449,557000
01450,28000
01451,78000
01452,0
01455,35000
01456,648000
01458,219503
01459,0
01460,0
01461,4000
01463,0
01466,688000
01468,270000
01470,4000
01471,0
01472,5000
01473,744000
01475,6000
01476,0
01477,296641
01478,1895000
01480,138000
01481,0
01483,718000
01486,0
01488,0
01489,4745000
01490,88000
01496,0
01497,0
01498,12500
01499,1450000
01500,255000
01501,73600
01502,10000
01508,3516000
01511,170600
01513,230900
01515,91000
01516,676032
01518,0
01519,30366286
01520,672000
01521,192000
01522,48000
01523,31000
01525,1000
01526,0
01527,600
01528,1015400
01529,72000
01530,14271000
01532,0
01536,7192000
01538,364000
01539,104000
01540,425500
01541,109200
01542,3000
01543,0
01545,30000
01546,0
01547,0
01548,23792764
01549,24000
01551,0
01552,70000
01553,0
01555,2096000
01556,310000
01557,0
01559,40000
01560,2394000
01561,0
01563,7000
01565,41000
01566,3113800
01568,88000
01569,0
01570,124000
01571,117000
01572,0
01575,4000
01576,0
01577,0
01578,3000
01579,1450000
01580,4940000
01581,80000
01582,675000
01583,202000
01585,4526975
01586,0
01587,8000
01588,36800
01591,0
01592,690000
01593,0
01596,100000
01597,5000
01598,0
01599,2000
01600,0
01601,0
01606,120000
01608,1800000
01609,167350
01610,9475000
01611,115000
01612,0
01613,3488000
01615,210000
01616,0
01617,11456000
01618,4244000
01620,50000
01621,0
01622,242000
01623,116000
01626,260000
01627,0
01628,43072
01629,0
01630,4584000
01631,30000
01632,0
01633,2256000
01635,1066000
01636,0
01637,106000
01638,15873156
01640,0
01641,7500
01643,336000
01645,1256000
01647,105000
01650,2288000
01651,559000
01652,22000
01653,240000
01655,25000
01656,0
01657,2000
01658,8011700
01660,208000
01661,198000
01662,23000
01663,0
01666,892000
01667,0
01668,0
01669,20000
01671,0
01672,943000
01673,0
01675,2497200
01676,1080000
01679,0
01680,0
01681,1051000
01682,1788000
01683,624000
01685,21000
01686,1409000
01688,5029860
01689,100000
01690,0
01691,661000
01692,0
01693,0
01695,735000
01696,138400
01697,37800
01698,796200
01701,0
01702,0
01703,30500
01705,12000
01707,0
01708,0
01709,5497000
01710,1572000
01711,0
01712,187000
01713,30000
01715,1420000
01716,132000
01717,28000
01718,50000
01719,0
01720,8640000
01721,0
01722,0
01723,764000
01725,1827200
01726,40000
01727,0
01728,0
01729,10578200
01731,8000
01732,0
01733,448000
01735,7128000
01736,0
01737,240000
01738,0
01739,263000
01740,5000
01741,156000
01742,0
01745,10000
01746,100000
01747,0
01748,0
01749,0
01750,1090000
01751,180000
01752,490000
01753,6463200
01755,0
01756,0
01757,0
01758,0
01759,34000
01760,564000
01762,2004000
01763,14000
01765,0
01766,8469465
01767,0
01768,63100
01769,163000
01770,46650
01771,0
01772,4150280
01773,1223000
01775,40000
01776,1964400
01777,1653700
01778,0
01779,66250
01780,3287500
01782,0
01783,2774000
01785,0
01786,70000
01787,14101500
01788,5231000
01789,906000
01790,0
01792,83000
01793,652000
01795,0
01796,624000
01797,4386500
01798,3158000
01799,521200
01800,1898000
01801,8644657
01802,0
01803,0
01808,0
01809,7500
01810,73607925
01811,1714000
01812,22500
01813,569000
01815,3971000
01816,12878033
01817,0
01818,7766802
01820,0
01822,0
01823,6000
01825,522000
01826,1830000
01827,50000
01828,1076900
01830,187145
01831,0
01832,0
01833,4885805
01835,800
01836,188500
01837,150000
01841,160000
01842,304000
01843,16000
01845,549000
01846,0
01847,3000
01848,18000
01849,0
01850,1390000
01851,186000
01853,0
01854,0
01855,350000
01856,89000
01857,23000
01858,206000
01860,13225439
01861,10000
01862,0
01863,0
01865,2916000
01866,1168000
01867,0
01868,700000
01869,480000
01870,537500
01871,528000
01872,120000
01873,4921500
01875,668800
01876,5001683
01877,2046000
01878,26250
01879,685800
01880,249400
01882,1590000
01883,444000
01884,32000
01888,42994362
01889,0
01890,30000
01891,0
01894,0
01895,0
01896,2121000
01897,0
01898,5609000
01899,256000
01900,4000
01901,1002000
01903,4000
01905,1122000
01906,3550000
01907,3072000
01908,2433000
01909,2000
01910,1530000
01911,585500
01912,419000
01913,675500
01915,0
01916,8500
01917,180000
01918,491597308
01919,7918882
01920,700000
01921,180000
01925,56000
01927,285000
01928,13098815
01929,3938640
01930,0
01931,68000
01932,0
01933,100000
01935,0
01936,0
01937,130000
01938,13000
01939,1952000
01940,0
01941,40000
01942,716000
01943,845000
01945,6800
01947,40000
01948,1000
01949,20000
01950,72000
01951,5821136
01952,4779540
01953,5000
01955,136000
01956,101200
01957,30000
01958,2886500
01959,16000
01960,0
01961,0
01962,10000
01963,446000
01965,0
01966,10000
01967,12000
01968,80000
01969,28000
01970,0
01971,0
01972,863162
01973,0
01975,244000
01977,0
01978,0
01979,256000
01980,68000
01981,163000
01982,12000
01983,0
01985,8000
01986,80500
01987,504000
01988,8704744
01989,6914054
01991,40000
01993,1500
01995,1190000
01996,254000
01997,560831
01999,5405200
02000,16000
02001,35000
02002,196000
02003,62600
02005,1292000
02007,236341000
02008,0
02009,4881000
02011,0
02012,244000
02013,29373000
02015,6689203
02016,3298000
02017,470000
02018,1612500
02020,2844134
02022,0
02023,4000
02025,268000
02026,207700
02028,6733000
02030,11000
02031,0
02033,0
02038,169100
02039,1973200
02041,205600
02048,1072200
02050,2037800
02051,1440000
02057,5297012
02068,221000
02076,30999500
02078,6000
02080,0
02086,0
02088,0
02096,1415193
02097,48364
02098,283000
02099,1230885
02100,0
02101,0
02102,180000
02105,106000
02107,0
02108,20000
02110,0
02111,130000
02112,106000
02113,0
02116,0
02119,0
02120,0
02121,577800
02122,130000
02125,0
02126,5379000
02127,0
02128,2741000
02129,830000
02130,4000
02131,0
02132,104000
02135,0
02136,0
02137,24000
02138,149000
02139,9000
02142,5738000
02145,736308
02146,0
02147,1894400
02149,7700
02150,150500
02152,0
02153,50000
02155,939000
02156,109000
02157,3580000
02158,1340900
02159,0
02160,0
02161,12000
02162,669358
02163,0
02165,63000
02166,204000
02167,0
02168,0
02169,14000
02170,42500
02171,726500
02172,0
02175,152000
02176,0
02177,0
02178,175000
02179,0
02180,77250
02181,0
02182,0
02185,24100
02186,13827000
02187,84000
02188,0
02189,0
02190,296500
02192,596500
02193,224000
02195,0
02196,1563311
02197,2186500
02198,793000
02199,99000
02202,24573800
02203,110000
02205,0
02208,5260400
02209,33000
02210,0
02211,165000
02212,0
02215,112000
02216,5150500
02218,1908000
02219,30000
02221,11200
02222,18800
02223,0
02225,2180000
02226,0
02227,0
02228,87049105
02230,110000
02231,1459000
02232,697000
02233,6544000
02235,15800
02236,93000
02237,0
02238,8434000
02239,0
02245,1500400
02246,0
02249,711300
02250,0
02251,5400
02252,0
02255,2122000
02256,439000
02257,61400
02258,44000
02259,3120809
02260,0
02261,166600
02262,0
02263,0
02265,405000
02266,44000
02268,1939050
02269,10254324
02270,0
02271,5664000
02272,50880
02273,116900
02276,1815600
02279,62500
02280,0
02281,0
02282,1721469
02283,0
02285,714200
02286,10000
02288,1000
02289,0
02290,924000
02291,104000
02293,0
02295,160000
02297,77000
02298,288000
02299,0
02302,36000
02306,6000
02307,0
02309,2180000
02310,0
02312,80000
02313,1934187
02314,2245000
02315,1221848
02317,0
02318,9627249
02319,5198994
02320,1212000
02321,0
02322,992000
02324,390000
02325,15000
02326,8360000
02327,0
02328,10635084
02329,3000
02330,0
02331,5254050
02333,7188900
02335,299000
02336,0
02337,93000
02338,5149346
02339,1560000
02340,0
02342,23507992
02343,3816000
02347,116000
02348,96000
02349,0
02350,5000
02352,800
02355,6000
02356,247600
02357,15092000
02358,0
02359,2221952
02360,44000
02361,0
02362,0
02363,30000
02367,1116000
02368,12000
02369,255750
02370,2000
02371,72000
02372,0
02373,384000
02376,0
02377,156000
02378,60561
02380,1576917
02381,1870000
02382,2715189
02383,0
02385,103600
02386,1343000
02388,2569588
02389,36000
02390,159500
02391,200
02392,47500
02393,0
02396,1000
02399,161000
02400,3363000
02402,1612611
02405,580000
02407,3700
02408,62000
02409,0
02410,1087000
02411,4444000
02415,0
02416,30500
02418,0
02419,380000
02420,137500
02421,108000
02422,372000
02423,4548201
02425,0
02427,80000
02429,51000
02431,332600
02432,344200
02433,2000
02436,394800
02438,10000
02439,1008000
02440,157000
02442,354000
02443,153800
02450,279000
02451,972000
02453,200
02455,12000
02457,15000
02458,415803
02459,70000
02460,185270
02465,970500
02469,389500
02473,20612500
02475,1274800
02476,2919393
02477,39637600
02479,0
02480,800
02481,0
02482,2000
02483,0
02486,9000
02487,232800
02488,181500
02489,80000
02490,182700
02493,167400
02495,6860
02496,0
02497,104000
02498,1437800
02499,4000
02500,380000
02501,2996000
02502,96000
02503,900000
02505,38000
02506,26950
02507,328500
02508,110500
02509,8400
02510,1873000
02511,191500
02512,0
02513,4285359
02515,24000
02516,48000
02517,4735600
02518,3000
02519,0
02520,0
02521,285000
02522,364000
02525,2670260
02526,30350
02528,102000
02529,0
02530,168000
02531,2500
02533,2869600
02535,90000
02536,3000
02539,1100
02540,0
02543,4200
02545,2000
02546,289000
02549,0
02550,64000
02551,0
02552,353000
02553,2659200
02555,254200
02556,2181800
02558,0
02559,106000
02560,112000
02561,200
02562,989500
02563,11600
02565,2972300
02566,46200
02567,478000
02569,115000
02570,672847
02571,0
02573,200
02575,888494
02576,324200
02577,2351500
02579,258600
02580,1397000
02581,1000
02582,2587750
02583,56900
02585,23600
02586,2070800
02587,1072500
02588,242649
02589,113210
02590,2820423
02591,7367000
02592,0
02593,800
02595,3428000
02596,0
02597,1000
02598,425500
02600,24212446
02601,4132980
02602,418900
02603,1193000
02605,14800
02607,782800
02608,1490000
02609,847800
02610,373800
02611,2661024
02613,48700
02616,2534500
02617,6007500
02618,3922642
02619,0
02621,2000
02623,685502
02625,901000
02627,0
02628,17579680
02629,0
02630,46000
02631,1654900
02632,13200
02633,100000
02635,626300
02637,65500
02638,502548
02643,1120400
02648,179900
02649,0
02650,7850350
02651,5800
02652,394600
02655,282300
02656,14734750
02657,51200
02658,40500
02659,266600
02660,408000
02661,13539200
02663,0
02665,8000000
02666,1224500
02667,24500
02668,10800000
02669,2730000
02670,2210250
02671,0
02672,1030840
02675,184500
02676,116200
02677,1050
02678,0
02680,22000
02682,56000
02683,145300
02685,5877000
02687,75450
02688,1561701
02689,5019000
02691,1032950
02692,89900
02693,500
02695,12000
02696,246200
02697,44620
02698,425600
02699,12000
02700,0
02701,3522000
02706,2254532
02714,1034400
02715,932400
02718,1353800
02720,30500
02722,3142000
02723,211232
02726,167800
02727,6558000
02728,0
02729,67600
02738,86000
02768,954688
02772,237000
02777,488400
02779,0
02788,912000
02789,108000
02797,2500
02798,0
02799,20469000
02858,5190500
02863,0
02865,912200
02866,3480000
02869,574000
02877,811000
02878,404000
02880,360000
02881,90500
02882,0
02883,4523794
02885,40000
02886,8000
02888,579630
02889,144745
02892,0
02898,0
02899,17542004
02908,0
02912,0
02913,0
02914,0
02917,4114000
02918,0
02919,0
02920,504838
02921,17600
02922,5920000
02923,2404750
02925,5200
02927,0
02928,8559000
02929,0
02930,0
02932,35407600
03200,822012
03223,595300
03231,79800
03268,589400
03277,870768
03288,1382596
03296,418180
03300,206000
03301,419500
03302,540000
03303,0
03306,1420500
03308,1133064
03309,24000
03310,566800
03311,3232000
03313,50
03315,75000
03316,127000
03317,802100
03318,304000
03319,384000
03320,2078500
03321,540000
03322,0
03323,15784881
03328,8540523
03329,77000
03330,15071862
03332,10000
03336,386000
03337,1552000
03339,4492000
03347,515600
03348,6000
03355,326400
03360,1099000
03363,0
03366,0
03368,12500
03369,12000
03377,11603000
03378,2200
03380,1626000
03382,474000
03383,716000
03388,718650
03389,176000
03390,10000
03393,521000
03395,0
03396,9264922
03398,64000
03399,10000
03600,93000
03601,0
03603,0
03606,859937
03613,1311000
03616,0
03618,1962000
03623,122000
03625,1018320
03626,176000
03628,0
03633,486000
03636,347600
03638,40000
03639,0
03650,482600
03658,0
03660,1800
03661,194500
03662,610000
03666,0
03668,347500
03669,292500
03677,1069200
03678,2137000
03680,192000
03681,230100
03683,0
03686,0
03688,0
03689,0
03690,12419507
03692,3409693
03696,9957094
03698,1354000
03699,140000
03700,155000
03708,660000
03709,205500
03718,0
03728,0
03737,111000
03738,20130805
03750,1374339
03752,41700
03759,4439825
03768,0
03773,36000
03774,242000
03778,0
03788,3062000
03789,4000
03798,0
03800,92836000
03808,2490645
03813,355000
03816,0
03818,7729000
03822,16000
03828,3000
03830,95000
03833,501000
03836,127500
03838,3861296
03839,24000
03848,386000
03858,950400
03860,30000
03866,838500
03868,3898000
03869,0
03877,4266000
03878,0
03880,49200
03881,403400
03882,9000
03883,2472000
03886,2128000
03887,2099600
03888,3169939
03889,2044000
03893,0
03896,30776000
03898,1203561
03899,2232000
03900,3474000
03903,0
03908,4762400
03913,2701822
03918,1155208
03919,84000
03928,126500
03931,2501350
03933,1428000
03938,54000
03939,11721000
03952,22500
03958,1916400
03963,0
03968,2748580
03969,442000
03978,63000
03983,1590000
03986,1659986
03988,49181224
03989,680000
03990,160000
03991,72000
03993,15551631
03996,1840000
03997,84000
03998,25637165
03999,0
04332,0
04333,0
04335,0
04336,0
04337,0
04338,0
04621,0
06030,2608249
06031,1385000
06033,6000
06036,75000
06038,750000
06049,281600
06051,2115800
06055,1329000
06058,168000
06060,4850610
06063,4512000
06066,2543500
06067,454000
06068,204000
06069,2363000
06078,427450
06080,162000
06082,13098401
06083,416000
06086,12000
06088,50115550
06090,214300
06093,0
06098,2771000
06099,3976600
06100,30600
06106,177450
06108,11840
06110,12230000
06113,4000
06117,0
06118,0
06119,0
06123,4000
06127,1748440
06128,50000
06132,62000
06133,0
06136,710000
06138,249000
06158,2045000
06160,991239
06162,20208000
06163,0
06166,8469590
06168,45100
06169,548000
06178,650400
06181,296500
06182,2176000
06185,10418400
06186,5756000
06188,0
06189,0
06190,0
06193,0
06196,4156000
06198,1965000
06199,4000
06228,326800
06288,0
06600,62500
06601,1256500
06603,312600
06608,323000
06609,38950
06610,10000
06611,0
06613,5999676
06616,145000
06618,4080960
06622,73000
06623,0
06626,65000
06628,668055
06633,0
06636,70300
06639,0
06651,706600
06655,1099500
06656,60949
06657,248300
06658,175300
06660,14400
06661,0
06663,110000
06666,15053643
06667,0
06668,0
06669,200000
06675,118600
06676,27500
06677,500
06680,1665400
06681,5984510
06682,1929100
06683,2006000
06686,5100
06687,212800
06690,4959243
06693,1273800
06696,0
06698,100
06699,121374
06715,113600
06727,1177600
06745,1217000
06805,250000
06806,3572000
06808,1014000
06809,5385526
06810,516960
06811,543000
06812,65000
06816,0
06818,5389000
06820,28000
06821,673213
06822,0
06823,2394293
06826,10000
06828,768000
06829,198000
06830,22000
06831,585200
06833,0
06838,30000
06839,148000
06855,1228300
06858,5000
06860,0
06862,9937245
06865,426000
06866,0
06868,2000
06869,18257107
06871,109200
06872,358200
06877,0
06878,0
06880,64040
06881,2426000
06882,0
06883,0
06885,789000
06886,2367300
06887,179673
06888,0
06889,0
06890,0
06893,20000
06896,290500
06898,6000
06899,0
06908,3455000
06909,0
06911,0
06913,124000
06915,764000
06918,90000
06919,30600
06922,34400
06928,16000
06929,13500
06933,4000
06936,588270
06938,333400
06939,318000
06951,1310300
06955,315000
06958,0
06959,0
06960,10000
06963,2373250
06966,0
06968,51000
06969,3734000
06978,25819
06979,1403674
06980,180400
06988,906000
06989,77000
06990,309112
06993,3892500
06996,569500
06998,45500
06999,0
07489,3651419
07618,597363
07630,10351400
07656,56000
07666,4662232
07687,34850
07688,582900
08003,0
08005,2000
08006,10000
08007,23602
08013,0
08017,4000
08018,0
08019,400
08020,0
08021,77550
08023,402000
08026,0
08027,0
08028,2000
08029,0
08030,26000
08031,0
08033,0
08035,0
08036,100000
08037,75000
08039,0
08040,0
08041,5000
08042,50000
08043,0
08047,0
08049,12000
08050,10000
08051,0
08052,0
08056,0
08057,704000
08059,80000
08060,0
08062,0
08065,15000
08066,0
08067,1000
08069,0
08070,0
08071,30600
08072,280000
08073,120000
08076,0
08079,5000
08080,0
08081,50000
08082,1410000
08087,0
08090,0
08091,10000
08092,0
08093,16000
08095,221000
08096,865000
08098,100000
08100,6000
08103,0
08106,10000
08107,0
08111,0
08112,0
08113,5000
08115,12000
08117,20000
08118,144000
08120,85000
08121,0
08123,15000
08125,0
08128,400000
08130,0
08131,140000
08132,100000
08133,0
08136,110000
08137,356000
08139,0
08140,20000
08143,0
08146,30000
08147,200000
08148,0
08149,0
08152,800000
08153,0
08156,0
08158,0
08159,170000
08160,48000
08161,0
08162,7160000
08163,1160000
08168,0
08169,0
08172,0
08173,2600000
08176,980000
08178,232300
08179,504000
08181,0
08186,0
08187,0
08188,264000
08189,1751000
08191,2010000
08193,20000
08195,230000
08196,232000
08198,300000
08200,0
08201,0
08203,0
08205,0
08206,0
08208,258000
08210,0
08213,250000
08217,322500
08218,0
08219,1075000
08220,41000
08221,240000
08222,0
08223,56000
08225,0
08226,690000
08227,50000
08229,0
08232,0
08237,0
08238,0
08239,0
08241,90000
08245,228000
08246,0
08247,0
08249,70000
08250,0
08262,0
08267,533500
08268,24000
08269,90000
08270,0
08271,0
08275,0
08277,0
08279,5612000
08280,0
08281,0
08282,0
08283,0
08285,0
08286,0
08290,0
08291,10000
08292,10000
08293,0
08295,0
08296,0
08297,392500
08299,17761600
08300,460000
08305,20320000
08307,0
08308,12760000
08309,120000
08310,700000
08311,0
08313,10000
08315,0
08316,16000
08317,0
08319,0
08320,200000
08321,10000
08326,0
08328,0
08329,50000
08331,0
08333,0
08337,0
08340,0
08341,0
08347,0
08348,0
08349,0
08350,104000
08356,0
08357,0
08360,34000
08362,0
08365,860000
08366,0
08367,0
08368,260000
08370,144000
08371,44000
08372,80000
08373,15000
08375,0
08377,390000
08379,30000
08385,8970000
08391,288000
08392,0
08395,1980000
08400,0
08401,0
08402,0
08403,0
08406,30000
08411,0
08412,0
08413,140000
08416,40000
08417,0
08418,26000
08419,0
08420,105000
08422,0
08423,410000
08425,0
08426,0
08427,0
08428,0
08429,0
08430,0
08431,700000
08432,0
08436,0
08437,0
08439,52000
08445,60000
08446,0
08447,10000
08448,0
08450,780000
08451,0
08452,0
08455,480000
08456,0
08460,105000
08462,100000
08471,15000
08472,108000
08473,0
08475,0
08480,136000
08481,0
08482,120000
08483,3040000
08487,0
08489,0
08490,620000
08491,10000
08493,0
08495,0
08496,0
08500,0
08501,0
08502,160000
08507,836000
08509,0
08510,200000
08511,0
08512,0
08513,0
08516,0
08519,0
08521,35000
08525,0
08526,90000
08527,720000
08529,0
08532,0
08535,3020000
08536,0
08537,0
08540,180000
08545,0
08547,9250000
08549,45000
08567,0
08581,1672500
08601,0
08606,0
08610,52000
08611,2845000
08612,0
08613,280000
08616,60000
08619,0
08620,0
08621,120000
08622,0
08623,75000
08627,480000
08629,0
08631,0
08635,620000
08637,21000
08645,0
08646,3690000
08657,44000
08659,10000
08668,0
09600,175200
09606,460300
09608,750000
09609,800
09611,1497100
09615,30870
09616,5600
09618,1844579
09626,1468578
09630,235350
09633,1324400
09636,393400
09637,183800
09638,0
09639,0
09658,54000
09660,59437200
09663,1000
09668,1855500
09669,1685600
09676,91500
09677,0
09678,1546549
09680,0
09686,23500
09688,3754500
09689,0
09690,350000
09696,1893400
09698,1473643
09699,1340600
09856,54023560
09857,15100
09858,9985317
09860,0
09863,3602911
09866,1354088
09868,2868840
09869,15000
09876,46000
09877,5600
09878,54200
09879,230000
09880,1338858
09881,0
09882,0
09885,119000
09886,38000
09887,1470100
09888,7440895
09889,34000
09890,252400
09893,0
09896,2855020
09898,41060
09899,161533
09900,972000
09901,1785200
09903,4252590
09906,0
09908,0
09909,47500
09911,5214000
09913,1400482
09916,150000
09918,32000
09919,0
09922,749000
09923,120752
09926,6032021
09927,770500
09928,263000
09929,370000
09930,222
09933,0
09936,567000
09938,80000
09939,808500
09955,134200
09958,0
09959,2186500
09960,25500
09961,1578193
09963,42000
09966,538000
09968,12842000
09969,3082000
09971,50600
09973,371100
09976,311799
09978,1632000
09979,297000
09980,254930
09981,783000
09982,3434000
09983,1132000
09985,1585800
09986,0
09987,206254
09988,81865546
