code,volume
JP.1301,56100
JP.130A,12900
JP.1332,2192200
JP.1333,859400
JP.135A,110000
JP.1375,36300
JP.1376,25300
JP.1377,222200
JP.1379,85700
JP.137A,400
JP.1380,400
JP.1381,500
JP.1382,5300
JP.1383,1200
JP.1384,12300
JP.138A,500
JP.1401,9000
JP.1407,455600
JP.1414,1496400
JP.1417,368300
JP.1418,87200
JP.1419,64100
JP.141A,808400
JP.1420,9200
JP.1429,111600
JP.142A,12300
JP.1430,24000
JP.1431,20200
JP.1433,58600
JP.1434,36100
JP.1435,266700
JP.1436,58300
JP.1438,600
JP.143A,500
JP.1443,49700
JP.1444,0
JP.1446,4700
JP.1447,30600
JP.1450,3200
JP.145A,14300
JP.146A,48400
JP.147A,121100
JP.148A,1800
JP.1491,48900
JP.149A,12100
JP.150A,93300
JP.1514,321800
JP.1515,767200
JP.1518,257300
JP.151A,44000
JP.153A,513100
JP.155A,224900
JP.156A,23600
JP.157A,8000
JP.1605,5163100
JP.160A,6700
JP.1662,1616600
JP.1663,254800
JP.166A,445300
JP.167A,120100
JP.168A,100
JP.1711,29200
JP.1716,41900
JP.1717,10800
JP.1718,1200
JP.1719,991800
JP.1720,443400
JP.1721,767700
JP.1723,1232700
JP.1724,400
JP.1736,5500
JP.173A,434500
JP.1757,0
JP.1758,700
JP.175A,3800
JP.1762,64100
JP.1764,300
JP.1766,19500
JP.1768,1700
JP.1770,1500
JP.1773,4000
JP.177A,900
JP.1780,39100
JP.1783,1347800
JP.1786,922300
JP.1787,100
JP.1788,0
JP.1793,600
JP.1795,0
JP.1798,1200
JP.1799,20400
JP.1801,888300
JP.1802,4151700
JP.1803,4263400
JP.1807,0
JP.1808,630200
JP.1810,34900
JP.1811,2700
JP.1812,2207000
JP.1813,114100
JP.1814,73800
JP.1815,256600
JP.1820,193200
JP.1822,167600
JP.1826,7300
JP.1827,14800
JP.1828,10700
JP.1833,206600
JP.1835,106900
JP.1840,21100
JP.1844,121900
JP.1847,27500
JP.1848,26000
JP.184A,8700
JP.1850,22200
JP.1852,364500
JP.1853,3500
JP.1860,921800
JP.1861,1041900
JP.1866,6800
JP.1867,12000
JP.186A,6987800
JP.1870,142400
JP.1871,194400
JP.1873,112500
JP.1878,2534100
JP.1879,226200
JP.1882,436400
JP.1885,463400
JP.1887,449200
JP.1888,22600
JP.1893,1761700
JP.1897,1500
JP.1898,217000
JP.1899,28600
JP.189A,2500
JP.1904,36500
JP.1905,1700
JP.190A,684900
JP.1911,4485500
JP.1914,29100
JP.1921,2000
JP.1925,4567400
JP.1926,546800
JP.1928,2883800
JP.1929,114000
JP.192A,2900
JP.1930,53600
JP.1934,172300
JP.1938,129100
JP.1939,136200
JP.1941,111200
JP.1942,986600
JP.1944,726900
JP.1945,203400
JP.1946,182100
JP.1948,0
JP.194A,54400
JP.1950,99800
JP.1951,597500
JP.1952,168700
JP.1959,176900
JP.195A,18300
JP.1960,15900
JP.1961,546100
JP.1963,1709000
JP.1964,32900
JP.1965,592200
JP.1966,1900
JP.1967,21000
JP.1968,149800
JP.1969,924800
JP.196A,157200
JP.1972,29500
JP.1975,78100
JP.1976,73500
JP.1979,185800
JP.197A,109200
JP.1980,948500
JP.1981,1000
JP.1982,127800
JP.198A,113100
JP.1992,0
JP.1994,10400
JP.1997,1100
JP.2001,175600
JP.2002,749300
JP.2003,33300
JP.2004,77400
JP.2009,22200
JP.202A,0
JP.2053,68400
JP.2055,1900
JP.205A,45400
JP.2060,104000
JP.206A,85000
JP.208A,10600
JP.2107,0
JP.2108,114900
JP.2109,61500
JP.2112,72000
JP.2114,10700
JP.2117,37400
JP.211A,2700
JP.2120,645400
JP.2121,204700
JP.2122,3500
JP.2124,432200
JP.2127,2168100
JP.212A,149500
JP.2130,150400
JP.2134,6998400
JP.2136,1000
JP.2138,2400
JP.2139,3300
JP.2146,2043100
JP.2148,60400
JP.2152,0
JP.2153,78500
JP.2154,139000
JP.2156,31100
JP.2157,557000
JP.2158,222200
JP.215A,2087400
JP.2160,2155400
JP.2163,29200
JP.2164,55800
JP.2168,124800
JP.2169,2300
JP.2170,292300
JP.2173,9900
JP.2175,570400
JP.2179,1700
JP.2181,6111200
JP.2183,30600
JP.2185,3100
JP.2186,2700
JP.218A,242000
JP.2193,318100
JP.2195,70800
JP.2198,12900
JP.219A,439200
JP.2201,337600
JP.2204,36800
JP.2206,269500
JP.2207,36500
JP.2208,1100
JP.2209,21700
JP.220A,0
JP.2211,36100
JP.2212,583300
JP.2215,3900
JP.2216,93200
JP.2217,79600
JP.2220,292600
JP.2221,2400
JP.2222,1204900
JP.2224,1500
JP.2226,1100
JP.2229,250400
JP.2264,1801600
JP.2266,64600
JP.2267,1151200
JP.2268,1800
JP.2269,760700
JP.2270,148600
JP.2281,162000
JP.2282,1607100
JP.2286,9700
JP.2288,113100
JP.228A,0
JP.2291,3200
JP.2292,154900
JP.2293,500
JP.2294,24500
JP.2296,81300
JP.2300,900
JP.2301,112700
JP.2303,80700
JP.2304,5400
JP.2305,16700
JP.2307,22800
JP.2311,5900
JP.2315,7076200
JP.2317,648200
JP.2321,106800
JP.2323,31200
JP.2325,32500
JP.2326,574000
JP.2327,296000
JP.2329,166700
JP.2330,197200
JP.2331,1237500
JP.2332,89300
JP.2334,713700
JP.2335,48200
JP.2337,1588500
JP.2338,201000
JP.2340,25000
JP.2341,204600
JP.2342,63900
JP.2345,137900
JP.2349,100
JP.2351,4900
JP.2353,2076300
JP.2354,292700
JP.2359,34600
JP.2370,1092600
JP.2371,268600
JP.2373,25700
JP.2375,15300
JP.2376,100
JP.2378,57500
JP.2379,251700
JP.2384,50600
JP.2385,150300
JP.2388,5103300
JP.2391,3800
JP.2393,9800
JP.2395,306500
JP.2404,6600
JP.2408,9900
JP.2410,46000
JP.2411,4800
JP.2413,2864900
JP.2415,4500
JP.2418,133400
JP.241A,10500
JP.2424,2300
JP.2425,200
JP.2428,38600
JP.2429,35500
JP.2432,791400
JP.2433,519400
JP.2435,7300
JP.2436,27000
JP.2437,22500
JP.2438,21900
JP.2440,344800
JP.2445,161800
JP.2449,28300
JP.244A,2800
JP.2454,9100
JP.2459,14800
JP.245A,2400
JP.2461,156400
JP.2462,31000
JP.2464,1500
JP.2469,33700
JP.246A,2900
JP.2471,330700
JP.2475,17200
JP.2477,10800
JP.2479,49800
JP.247A,1206300
JP.2480,1700
JP.2481,1800
JP.2483,4700
JP.2484,376700
JP.2485,64300
JP.2488,144600
JP.2489,163500
JP.248A,1200
JP.2491,189000
JP.2492,2599400
JP.2493,2700
JP.2497,17900
JP.2498,9200
JP.2499,5800
JP.2501,1011800
JP.2502,8707200
JP.2503,4157400
JP.250A,53700
JP.2531,1374100
JP.2533,141300
JP.253A,20300
JP.254A,26100
JP.255A,44000
JP.256A,281200
JP.2573,1500
JP.2579,811700
JP.2585,572600
JP.2586,1150200
JP.2587,1269100
JP.2588,2300
JP.2590,46700
JP.2593,238600
JP.25935,269900
JP.2594,67800
JP.2597,2200
JP.2602,182400
JP.2607,220400
JP.2612,104500
JP.2613,73200
JP.261A,38900
JP.262A,190700
JP.264A,41200
JP.2652,46100
JP.2653,8500
JP.2654,225500
JP.2656,220200
JP.2659,519000
JP.265A,19300
JP.2664,100100
JP.2666,25900
JP.2667,265100
JP.2668,1000
JP.2669,4500
JP.2670,2057000
JP.2673,111400
JP.2674,54800
JP.2676,36100
JP.2678,398700
JP.2681,223400
JP.2683,1700
JP.2685,278100
JP.2687,1800
JP.2689,4600
JP.268A,2056300
JP.2693,19000
JP.2694,384100
JP.2695,185800
JP.2698,9500
JP.269A,19900
JP.2700,8400
JP.2702,917100
JP.2705,13800
JP.2708,700
JP.2721,20100
JP.2722,7600
JP.2726,1281200
JP.2730,325800
JP.2733,107600
JP.2734,217800
JP.2735,39800
JP.2736,7300
JP.2737,122600
JP.2742,45200
JP.2747,0
JP.2749,206200
JP.274A,3500
JP.2750,7300
JP.2751,9100
JP.2752,54700
JP.2753,119800
JP.2760,184000
JP.2762,118600
JP.2764,229400
JP.2767,344800
JP.2768,1396500
JP.2769,2400
JP.276A,20500
JP.2776,139700
JP.2778,41200
JP.277A,86100
JP.2780,51800
JP.2782,822800
JP.2784,317100
JP.2788,43200
JP.2789,4600
JP.278A,1168500
JP.2790,7000
JP.2791,49700
JP.2792,51100
JP.2795,1600
JP.2796,4600
JP.2798,600
JP.2801,4082500
JP.2802,1892600
JP.2804,21400
JP.2805,172900
JP.2806,800
JP.2809,748900
JP.280A,18800
JP.2810,266200
JP.2811,311100
JP.2813,1600
JP.2814,1100
JP.2815,151700
JP.2816,3400
JP.2818,600
JP.2819,9600
JP.281A,49100
JP.2820,20800
JP.2831,800
JP.284A,0
JP.285A,40412300
JP.286A,27600
JP.2871,1225600
JP.2872,2000
JP.2874,304600
JP.2875,681600
JP.2876,2800
JP.2877,300
JP.287A,325000
JP.2882,20400
JP.2883,2600
JP.2884,147100
JP.288A,57900
JP.2892,3600
JP.2894,3700
JP.2897,644500
JP.289A,0
JP.2901,160300
JP.2903,8000
JP.2904,2000
JP.2907,1900
JP.2908,44900
JP.290A,2175400
JP.2910,74100
JP.2911,300
JP.2914,3418000
JP.2915,36700
JP.2916,800
JP.2917,1700
JP.2918,542500
JP.291A,4600
JP.2922,20100
JP.2923,1800
JP.2924,2600
JP.2926,181800
JP.2927,18800
JP.2929,143200
JP.2930,438000
JP.2931,690600
JP.2932,12700
JP.2933,53200
JP.2934,5900
JP.2935,30900
JP.2936,20400
JP.2937,3400
JP.2938,37800
JP.2961,0
JP.2962,541500
JP.296A,14100
JP.2970,8200
JP.2975,459700
JP.2978,8400
JP.297A,21300
JP.2980,197100
JP.2981,1800
JP.2982,320200
JP.2983,48700
JP.2984,4600
JP.2986,103800
JP.298A,5800
JP.2991,10200
JP.2993,200
JP.2997,900
JP.2998,208900
JP.2999,10100
JP.299A,74800
JP.3001,16200
JP.3002,140000
JP.3003,3133300
JP.3004,4600
JP.300A,23600
JP.3010,65200
JP.3011,20400
JP.3020,1900
JP.3021,25900
JP.3023,45100
JP.3024,300
JP.3028,101800
JP.302A,1200
JP.3030,7900
JP.3031,82200
JP.3034,136400
JP.3035,225400
JP.3036,111100
JP.3038,2575500
JP.303A,2100
JP.3040,895300
JP.3041,6700
JP.3042,1279800
JP.3045,0
JP.3046,182900
JP.3048,681400
JP.304A,1000
JP.3050,402200
JP.3053,200800
JP.3054,14500
JP.3058,5500
JP.3059,2300
JP.3063,16200
JP.3064,2280100
JP.3065,800
JP.3067,2300
JP.3068,2300
JP.3069,87700
JP.3070,2217200
JP.3071,54000
JP.3075,5400
JP.3076,82800
JP.3077,34100
JP.3080,1900
JP.3082,4900
JP.3083,334300
JP.3086,1819700
JP.3087,210200
JP.3088,1393300
JP.3089,11000
JP.3091,67600
JP.3092,2220500
JP.3093,108000
JP.3096,2900
JP.3097,202900
JP.3099,3181700
JP.3101,420000
JP.3103,4563000
JP.3104,180000
JP.3105,945400
JP.3106,220300
JP.3107,311600
JP.3109,48200
JP.3110,3462200
JP.3111,3400
JP.3113,43100
JP.3116,330100
JP.3121,64800
JP.3123,2400
JP.3131,39000
JP.3132,1891200
JP.3133,1310500
JP.3134,49600
JP.3135,6100
JP.3137,6700
JP.3138,1800
JP.3139,27000
JP.3140,5400
JP.3143,30200
JP.3148,148200
JP.3150,63800
JP.3151,191500
JP.3153,152400
JP.3154,19900
JP.3156,110300
JP.3157,3000
JP.3159,127400
JP.3160,8000
JP.3161,46400
JP.3166,4000
JP.3167,429000
JP.3168,83500
JP.3169,1400
JP.3172,800
JP.3173,2900
JP.3174,5000
JP.3175,5900
JP.3176,294300
JP.3177,1300
JP.3178,10700
JP.3179,210700
JP.3180,53300
JP.3181,3400
JP.3182,98000
JP.3183,29800
JP.3184,0
JP.3185,128500
JP.3186,706600
JP.3187,78900
JP.3189,307800
JP.3190,200
JP.3191,99900
JP.3192,41300
JP.3193,107800
JP.3195,16100
JP.3196,100700
JP.3197,697300
JP.3199,56900
JP.319A,36800
JP.3201,62800
JP.3202,32300
JP.3204,6500
JP.3205,30100
JP.3221,43200
JP.3222,440000
JP.3223,1000
JP.3224,2400
JP.3231,4397300
JP.3232,218100
JP.3236,130100
JP.3237,198100
JP.3238,19400
JP.323A,4200
JP.3241,1700
JP.3242,36600
JP.3245,470900
JP.3246,5800
JP.3248,700
JP.324A,7600
JP.3252,182400
JP.325A,172100
JP.3261,2200
JP.3266,31500
JP.3267,15900
JP.3276,41600
JP.3277,21200
JP.3280,2600
JP.3284,283500
JP.3286,5400
JP.3288,261500
JP.3289,3911800
JP.3291,432900
JP.3293,2700
JP.3297,3600
JP.3299,134000
JP.3300,25800
JP.3302,104000
JP.3306,101200
JP.330A,6000
JP.3315,7599400
JP.3317,400
JP.331A,2200
JP.3320,5200
JP.3321,31800
JP.3323,503800
JP.3326,5600
JP.3329,3800
JP.332A,45100
JP.3333,163100
JP.3349,329500
JP.334A,7300
JP.3350,26906800
JP.3352,300
JP.3353,1900
JP.3355,20700
JP.3358,26600
JP.3359,14200
JP.335A,3600
JP.3360,197500
JP.3361,2300
JP.336A,2991400
JP.3370,5800
JP.3371,34000
JP.3372,15600
JP.3374,32200
JP.3375,100
JP.3377,48800
JP.3382,9730000
JP.3386,4700
JP.3387,895500
JP.3388,67700
JP.338A,645600
JP.3391,5413100
JP.3392,24700
JP.3393,18900
JP.3395,64700
JP.3396,15700
JP.3397,354200
JP.3399,187500
JP.339A,6700
JP.3401,678300
JP.3402,5417300
JP.3405,993900
JP.3407,4223700
JP.3409,47800
JP.340A,5700
JP.3415,325000
JP.3416,300
JP.3417,7400
JP.3418,8600
JP.341A,37200
JP.3420,1200
JP.3421,25600
JP.3422,20300
JP.3423,4700
JP.3426,1800
JP.3431,223200
JP.3433,202500
JP.3434,6200
JP.3435,600
JP.3436,12560700
JP.3437,100
JP.3439,0
JP.343A,6800
JP.3440,4800
JP.3441,42000
JP.3443,381900
JP.3444,190600
JP.3445,489200
JP.3446,34600
JP.3447,50700
JP.3449,115300
JP.3452,90800
JP.3454,3700
JP.3457,267100
JP.3461,9000
JP.3465,131500
JP.3467,4900
JP.3469,10100
JP.3474,1800
JP.3475,85500
JP.3477,2200
JP.3479,42500
JP.3482,113700
JP.3484,6100
JP.3486,91000
JP.3489,39400
JP.3490,3400
JP.3491,169500
JP.3494,2400
JP.3495,400
JP.3496,94400
JP.3497,0
JP.3498,518200
JP.3501,13000
JP.350A,257100
JP.3512,47600
JP.3513,1400
JP.3521,4300
JP.3524,1300
JP.3529,41000
JP.352A,5700
JP.3536,36200
JP.3537,7000
JP.3538,7100
JP.3539,147000
JP.3542,6600
JP.3543,189600
JP.3544,43100
JP.3547,21500
JP.3548,112500
JP.3549,395900
JP.3550,17000
JP.3551,47700
JP.3553,41100
JP.3556,22700
JP.3557,8900
JP.3558,74100
JP.3559,6200
JP.3560,1200
JP.3561,105000
JP.3562,1928200
JP.3563,2374900
JP.3565,465600
JP.3566,4300
JP.3569,189000
JP.3571,5000
JP.3577,600
JP.3580,223800
JP.3583,1100
JP.3591,148300
JP.3597,3600
JP.3598,8500
JP.3600,100
JP.3607,18100
JP.3608,370500
JP.3611,21300
JP.3612,386500
JP.3622,14800
JP.3623,23900
JP.3624,1299200
JP.3625,26900
JP.3626,822900
JP.3627,22900
JP.3628,4800
JP.3632,486500
JP.3633,17000
JP.3634,86000
JP.3635,1271700
JP.3636,52400
JP.3639,3700
JP.3640,11700
JP.3641,1400
JP.3645,8100
JP.3646,3500
JP.3647,63500
JP.3648,3100
JP.3649,56200
JP.3652,21900
JP.3653,185000
JP.3656,3514300
JP.3657,245400
JP.3659,1963900
JP.365A,34400
JP.3660,1037600
JP.3661,318000
JP.3662,73000
JP.3663,204800
JP.3664,5596500
JP.3665,379300
JP.3667,215500
JP.3668,587500
JP.366A,15300
JP.3670,0
JP.3671,38400
JP.3672,294300
JP.3673,718000
JP.3674,7100
JP.3675,25600
JP.3676,104800
JP.3678,39000
JP.3679,404600
JP.367A,28600
JP.3680,27100
JP.3682,52600
JP.3683,27600
JP.3686,389400
JP.3687,725900
JP.368A,137900
JP.3690,5900
JP.3691,12300
JP.3692,2333800
JP.3694,206800
JP.3695,48800
JP.3696,146400
JP.3697,3161300
JP.3698,2500
JP.369A,8500
JP.3708,70700
JP.3710,700
JP.3712,1800
JP.3719,1368600
JP.3723,245300
JP.3726,13200
JP.3727,24000
JP.372A,5500
JP.3733,1600
JP.373A,2300
JP.3741,80700
JP.3744,12500
JP.3747,62400
JP.3750,3600
JP.3753,929300
JP.3758,14100
JP.3760,11200
JP.3762,1502000
JP.3763,69600
JP.3765,188500
JP.3766,4700
JP.3768,16800
JP.3769,273600
JP.3771,50700
JP.3772,12300
JP.3773,20600
JP.3774,757500
JP.3776,319900
JP.3777,772500
JP.3778,984200
JP.3779,33400
JP.3787,0
JP.3788,153600
JP.378A,25000
JP.3791,41600
JP.3793,91200
JP.3796,12300
JP.3798,154600
JP.3799,7600
JP.3800,1000
JP.3802,1300
JP.3803,24100
JP.3804,500
JP.3807,483700
JP.3810,346400
JP.3815,5800
JP.3816,1000
JP.3817,27200
JP.3823,2207800
JP.3825,1176400
JP.3826,5900
JP.3834,69000
JP.3835,57200
JP.3836,103900
JP.3837,148000
JP.3839,1300
JP.3840,129000
JP.3841,500
JP.3842,3100
JP.3843,45100
JP.3844,223000
JP.3845,57200
JP.3848,500
JP.384A,0
JP.3850,26400
JP.3851,27900
JP.3853,183800
JP.3854,72000
JP.3856,0
JP.3858,625900
JP.3861,4040100
JP.3863,478800
JP.3864,101800
JP.3865,378600
JP.386A,900
JP.3877,29500
JP.3878,31200
JP.387A,3300
JP.3880,277800
JP.3891,81500
JP.3892,6500
JP.3895,22500
JP.3896,10100
JP.3900,356800
JP.3901,51800
JP.3903,643100
JP.3904,5100
JP.3905,4029100
JP.3907,250800
JP.3908,1600
JP.3909,5818500
JP.3910,1900
JP.3911,109700
JP.3912,41400
JP.3913,8200
JP.3914,47200
JP.3915,118800
JP.3916,219300
JP.3917,12300
JP.3918,13800
JP.3920,6300
JP.3921,17800
JP.3922,29700
JP.3923,2111600
JP.3925,35600
JP.3926,44900
JP.3927,5873600
JP.3928,9300
JP.3929,13300
JP.3930,3900
JP.3931,3700
JP.3932,205600
JP.3933,7800
JP.3934,2500
JP.3935,8700
JP.3936,421200
JP.3937,258400
JP.3939,81100
JP.3940,194000
JP.3941,1074900
JP.3943,1000
JP.3944,0
JP.3945,1500
JP.3946,53400
JP.3947,4000
JP.3948,500
JP.3950,64200
JP.3951,17600
JP.3953,5100
JP.3954,100
JP.3955,3500
JP.3958,2200
JP.3962,222600
JP.3963,45500
JP.3964,410700
JP.3965,6800
JP.3967,867900
JP.3968,1869600
JP.3969,3200
JP.3970,1800
JP.3974,7800
JP.3976,131600
JP.3979,5300
JP.3981,4200
JP.3983,20600
JP.3984,59300
JP.3985,4600
JP.3986,1300
JP.3987,3300
JP.3988,300
JP.3989,440200
JP.3991,600
JP.3992,22400
JP.3993,140100
JP.3994,495800
JP.3996,34700
JP.3997,140300
JP.3998,7500
JP.4004,2423100
JP.4005,9978100
JP.4008,175300
JP.4011,30900
JP.4012,6200
JP.4013,83300
JP.4014,6600
JP.4015,12800
JP.4016,3200
JP.4017,2600
JP.4019,19300
JP.4020,1700
JP.4021,520700
JP.4022,460600
JP.4023,291000
JP.4025,17800
JP.4026,32300
JP.4027,76500
JP.4028,183800
JP.402A,3996200
JP.4031,16600
JP.4040,4300
JP.4041,107000
JP.4042,1500300
JP.4043,411000
JP.4044,84800
JP.4045,206700
JP.4046,643800
JP.4047,547900
JP.4051,27600
JP.4052,908100
JP.4053,96600
JP.4054,9600
JP.4055,56100
JP.4056,199900
JP.4057,2400
JP.4058,23000
JP.4059,3300
JP.4060,1800
JP.4061,558500
JP.4062,7987100
JP.4063,5197100
JP.4064,64100
JP.4068,300
JP.4069,32000
JP.4071,167600
JP.4072,31500
JP.4073,1997400
JP.4074,500
JP.4075,77100
JP.4076,1600
JP.4078,87300
JP.407A,20600
JP.4082,359500
JP.4088,613700
JP.4091,796400
JP.4092,75300
JP.4093,5300
JP.4094,15000
JP.4095,209200
JP.4097,41600
JP.4098,3600
JP.4099,678200
JP.409A,246300
JP.4100,70100
JP.4102,400
JP.4107,440500
JP.4109,63100
JP.410A,23200
JP.4112,67400
JP.4113,30100
JP.4114,645100
JP.4116,108200
JP.4118,178000
JP.4119,400
JP.4120,400
JP.4124,800
JP.4125,8500
JP.414A,22100
JP.4151,2058800
JP.415A,700
JP.4165,125000
JP.4166,1375100
JP.4167,12000
JP.4168,23700
JP.4169,295900
JP.416A,11000
JP.4170,110800
JP.4172,2500
JP.4174,107100
JP.4175,5200
JP.4176,208000
JP.4177,4900
JP.4178,14800
JP.4179,69300
JP.417A,279900
JP.4180,858300
JP.4182,2048300
JP.4183,1811600
JP.4186,1300900
JP.4187,177800
JP.4188,7365200
JP.4189,91100
JP.4192,174300
JP.4193,10100
JP.4194,239900
JP.4196,22700
JP.4197,2100
JP.4198,4100
JP.4199,5800
JP.4202,1184200
JP.4203,840100
JP.4204,1527800
JP.4205,1411200
JP.4206,268500
JP.4208,459100
JP.420A,0
JP.4212,63000
JP.4216,59100
JP.4218,19300
JP.421A,33900
JP.4220,149800
JP.4221,289400
JP.4222,402700
JP.4224,10300
JP.4228,119300
JP.4229,15200
JP.4231,12400
JP.4234,26800
JP.4235,25100
JP.4237,46900
JP.4238,37600
JP.423A,28900
JP.4240,14400
JP.4241,5400
JP.4242,2800
JP.4243,3500
JP.4245,7200
JP.4246,234500
JP.4247,1000
JP.4248,4400
JP.4249,29100
JP.4251,129500
JP.4255,16200
JP.4256,8600
JP.4258,1030700
JP.4259,1371700
JP.4260,11500
JP.4261,2500
JP.4262,3700
JP.4263,142100
JP.4264,32000
JP.4265,40100
JP.4270,1800
JP.4272,588000
JP.4274,37900
JP.4275,148300
JP.4284,11400
JP.4286,18900
JP.4287,11700
JP.4288,3016300
JP.428A,105000
JP.4290,519500
JP.4293,192300
JP.4299,6300
JP.429A,897200
JP.4301,58300
JP.4307,3812300
JP.4308,42200
JP.4310,17000
JP.4316,0
JP.4317,3400
JP.4318,89900
JP.431A,16400
JP.4320,47900
JP.4323,82300
JP.4324,741300
JP.4326,39100
JP.4331,97000
JP.4334,5200
JP.4335,1300
JP.4337,69300
JP.4341,2600
JP.4343,61500
JP.4344,2555400
JP.4345,65000
JP.4346,74400
JP.4347,7800
JP.4350,77800
JP.4351,900
JP.4356,500
JP.4360,3900
JP.4361,27100
JP.4362,79800
JP.4365,0
JP.4366,152500
JP.4368,683900
JP.4369,511900
JP.436A,4573200
JP.4370,34500
JP.4371,15200
JP.4372,200
JP.4373,737600
JP.4374,6200
JP.4375,77500
JP.4376,14500
JP.4377,31200
JP.4378,5100
JP.4379,44800
JP.4380,1300
JP.4381,139400
JP.4382,2957900
JP.4385,2173100
JP.4386,88800
JP.4387,2800
JP.4388,5400
JP.4389,3000
JP.438A,28400
JP.4390,279100
JP.4391,3500
JP.4392,835900
JP.4393,51100
JP.4394,20000
JP.4395,290400
JP.4396,44600
JP.4397,19600
JP.4398,455300
JP.4401,425800
JP.4403,825700
JP.4404,11200
JP.4406,266900
JP.4409,5700
JP.440A,0
JP.4410,86400
JP.4412,55400
JP.4413,140000
JP.4414,4700
JP.4415,16500
JP.4416,24400
JP.4417,1361100
JP.4418,115300
JP.4419,385600
JP.441A,30400
JP.4420,264900
JP.4421,195900
JP.4422,29200
JP.4424,14700
JP.4425,197200
JP.4427,27300
JP.4428,100
JP.4429,900
JP.442A,1300
JP.4430,7700
JP.4431,121300
JP.4432,78600
JP.4433,26800
JP.4434,32800
JP.4436,119700
JP.4437,300
JP.4438,1341000
JP.4439,12200
JP.4440,128200
JP.4441,26300
JP.4442,58400
JP.4443,1054500
JP.4444,1800
JP.4445,1100
JP.4446,233900
JP.4447,152900
JP.4448,22700
JP.4450,10500
JP.4452,2959900
JP.4461,162400
JP.4462,44700
JP.4463,8200
JP.4464,1100
JP.4465,7800
JP.446A,543200
JP.4471,346700
JP.4475,2053700
JP.4476,4900
JP.4477,614700
JP.4478,446000
JP.4479,11000
JP.4480,287400
JP.4481,57500
JP.4482,13700
JP.4483,214100
JP.4484,3200
JP.4486,2800
JP.4487,7700
JP.4488,5100
JP.4490,7200
JP.4491,3900
JP.4492,26400
JP.4493,407200
JP.4495,9200
JP.4496,2000
JP.4498,1162400
JP.4499,124000
JP.4502,4535300
JP.4503,5458800
JP.4506,3193700
JP.4507,3365500
JP.4512,9500
JP.4516,383200
JP.4519,2134700
JP.4521,120600
JP.4523,1059400
JP.4524,1300
JP.4526,53200
JP.4527,927600
JP.4528,1884300
JP.4531,194500
JP.4534,56300
JP.4536,1554600
JP.4538,22900
JP.4539,800
JP.4540,331400
JP.4543,3812500
JP.4544,229900
JP.4547,89400
JP.4548,382000
JP.4549,144400
JP.4552,974800
JP.4553,161900
JP.4554,84500
JP.4558,9400
JP.4559,112500
JP.4563,1615600
JP.4564,244990100
JP.4565,910900
JP.4568,7822400
JP.4569,159200
JP.456A,647300
JP.4570,166300
JP.4571,2163800
JP.4572,248000
JP.4574,267400
JP.4575,91700
JP.4576,222200
JP.4577,58300
JP.4578,1250500
JP.4579,117300
JP.4582,195800
JP.4583,615700
JP.4584,267300
JP.4586,575000
JP.4587,616900
JP.4588,1518100
JP.4591,548500
JP.4592,1576800
JP.4593,1679100
JP.4594,2604700
JP.4595,77600
JP.4596,213800
JP.4597,77608900
JP.4598,758400
JP.4599,262200
JP.460A,23600
JP.4611,51700
JP.4612,6055100
JP.4613,1011800
JP.4615,364400
JP.4616,3700
JP.4617,143300
JP.4619,33900
JP.4620,182500
JP.4623,800
JP.4624,0
JP.4625,6600
JP.4626,433400
JP.4627,3800
JP.4628,14000
JP.4629,3500
JP.462A,78600
JP.4631,420100
JP.4633,109800
JP.4634,93700
JP.4635,55400
JP.463A,14200
JP.4641,104000
JP.4642,1600
JP.4644,7100
JP.4645,2000
JP.464A,1716900
JP.4650,1700
JP.4651,178700
JP.4657,4800
JP.4658,84500
JP.4659,0
JP.4661,4436900
JP.4662,154600
JP.4664,30400
JP.4665,96600
JP.4666,2674500
JP.4667,457400
JP.4668,66800
JP.4671,19500
JP.4673,2600
JP.4674,135500
JP.4676,860700
JP.4678,2000
JP.4679,6700
JP.4680,3559000
JP.4681,549700
JP.4684,1797100
JP.4685,19200
JP.4686,102400
JP.4687,92400
JP.4689,14957500
JP.4691,112300
JP.4694,75100
JP.469A,1700
JP.4704,3583100
JP.4705,700
JP.4707,28400
JP.4709,100700
JP.4712,4500
JP.4714,1119200
JP.4716,188600
JP.4718,24600
JP.4719,32000
JP.471A,211600
JP.4720,2200
JP.4722,102000
JP.4725,42700
JP.4728,9300
JP.472A,40400
JP.4732,1617200
JP.4733,146300
JP.4735,22800
JP.4736,300
JP.4743,77800
JP.4746,236200
JP.4750,2400
JP.4751,5207300
JP.4752,5200
JP.4754,200
JP.4755,25020600
JP.475A,2400
JP.4760,1000
JP.4761,4600
JP.4762,4900
JP.4763,68000
JP.4765,384600
JP.4766,3900
JP.4767,94900
JP.4768,2513000
JP.4769,700
JP.476A,1381800
JP.4771,6600
JP.4772,46100
JP.4776,143700
JP.4777,25300
JP.477A,18800
JP.4783,18800
JP.4784,1150300
JP.478A,31700
JP.4792,30300
JP.479A,46100
JP.4800,0
JP.4801,18000
JP.4809,18700
JP.480A,23000
JP.4811,11200
JP.4812,381400
JP.4813,769400
JP.4814,362500
JP.4816,1103200
JP.4819,231500
JP.4820,72100
JP.4825,388100
JP.4826,314400
JP.4828,135300
JP.4829,270100
JP.4832,33700
JP.4833,1721100
JP.4838,31700
JP.4839,119700
JP.483A,1200
JP.4840,220800
JP.4845,113400
JP.4847,61800
JP.4848,59600
JP.4849,301200
JP.485A,5844600
JP.4875,122200
JP.4880,61900
JP.4881,114500
JP.4882,268900
JP.4883,1310600
JP.4884,315300
JP.4885,6200
JP.4886,52100
JP.4887,514800
JP.4888,2005300
JP.4889,221400
JP.4890,25800
JP.4891,544000
JP.4892,83400
JP.4893,620500
JP.4894,112900
JP.4896,19300
JP.4901,4053200
JP.4902,3296600
JP.4911,2918900
JP.4912,608100
JP.4914,399300
JP.4918,8600
JP.4919,132200
JP.4920,6000
JP.4922,266900
JP.4923,63400
JP.4925,800
JP.4926,1000
JP.4927,351900
JP.4928,67300
JP.4929,1300
JP.4931,36300
JP.4932,9900
JP.4933,62100
JP.4934,2100
JP.4935,2527900
JP.4936,43200
JP.4937,5000
JP.4951,35300
JP.4956,70100
JP.4958,62800
JP.4960,83700
JP.4966,119100
JP.4967,274100
JP.4968,192200
JP.4970,73200
JP.4971,279100
JP.4972,29300
JP.4973,73100
JP.4975,63000
JP.4976,0
JP.4977,37400
JP.4978,796000
JP.4979,26300
JP.4980,2015700
JP.4985,39600
JP.4990,400
JP.4992,104800
JP.4994,13400
JP.4996,796800
JP.4997,354000
JP.4998,9900
JP.500A,6800
JP.5010,110900
JP.5011,77600
JP.5013,50300
JP.5015,3400
JP.5016,16001100
JP.5018,27600
JP.5019,5263800
JP.5020,12081100
JP.5021,716800
JP.5025,700
JP.5026,13900
JP.5027,119400
JP.5028,10700
JP.5029,2500
JP.5031,117200
JP.5032,247700
JP.5033,92500
JP.5034,30200
JP.5035,1800
JP.5036,63600
JP.5038,34800
JP.504A,101600
JP.505A,12800
JP.5071,14100
JP.5074,1045300
JP.5076,3410100
JP.50765,2900
JP.5078,100
JP.5079,5500
JP.509A,151
JP.5101,787300
JP.5105,833800
JP.5108,3181000
JP.5110,1424600
JP.5121,100900
JP.5122,31700
JP.5125,3800
JP.5126,2500
JP.5129,65200
JP.5131,294000
JP.5132,19700
JP.5133,8074000
JP.5134,8400
JP.5136,44200
JP.5137,330300
JP.5138,800
JP.5139,8800
JP.5142,47600
JP.5161,293200
JP.5162,1000
JP.5184,17400
JP.5185,37000
JP.5186,48400
JP.5187,6400
JP.5189,600
JP.5192,59400
JP.5194,9700
JP.5195,48800
JP.5199,200
JP.519A,34500
JP.5201,1407900
JP.5202,0
JP.5204,10200
JP.5208,165900
JP.520A,328700
JP.5210,30900
JP.5214,556700
JP.5216,110000
JP.5218,90300
JP.5232,709600
JP.5233,609000
JP.5237,12100
JP.523A,70400
JP.5240,98000
JP.5242,5700
JP.5243,1585900
JP.5244,200500
JP.5246,2427300
JP.5247,800
JP.5248,21600
JP.5250,1100
JP.5252,50500
JP.5253,707000
JP.5254,20800
JP.5255,339700
JP.5256,18900
JP.5257,900
JP.5258,87900
JP.5261,5100
JP.5262,275400
JP.5268,2000
JP.5269,204500
JP.5271,1600
JP.5273,50600
JP.5279,3000
JP.5280,28600
JP.5282,110500
JP.5283,300
JP.5284,10900
JP.5285,38900
JP.5287,21100
JP.5288,257800
JP.5290,59200
JP.529A,0
JP.5301,1327100
JP.5302,41100
JP.5304,25900
JP.5310,110200
JP.5331,141500
JP.5332,1047000
JP.5333,1413400
JP.5334,2311500
JP.5337,12600
JP.5341,52400
JP.5344,82500
JP.5351,112100
JP.5355,1400
JP.5356,15600
JP.5357,81400
JP.5363,51000
JP.5367,178000
JP.5368,26200
JP.5380,5100
JP.5381,349700
JP.5384,308100
JP.5386,0
JP.5388,3900
JP.5391,13700
JP.5393,577800
JP.5401,30634500
JP.5406,2131200
JP.5408,352600
JP.5410,67300
JP.5411,4871500
JP.5423,573100
JP.542A,7100
JP.543A,21129700
JP.5440,138400
JP.5444,291800
JP.5445,89700
JP.5446,5000
JP.5449,43400
JP.544A,467900
JP.5451,302400
JP.5458,1100
JP.545A,97700
JP.5461,116900
JP.5463,537100
JP.5464,42000
JP.546A,134700
JP.5471,760600
JP.547A,2691500
JP.5480,77100
JP.5482,321200
JP.5484,1800
JP.548A,11900
JP.5491,50400
JP.549A,36200
JP.550A,5000
JP.5527,40300
JP.5532,15800
JP.5533,0
JP.5535,107100
JP.5537,47900
JP.5541,223700
JP.5542,43500
JP.554A,2700
JP.5563,607200
JP.556A,25500
JP.5570,15100
JP.5571,3000
JP.5572,53400
JP.5574,150400
JP.5575,4500
JP.5576,1000
JP.5578,17600
JP.5580,800
JP.5582,20600
JP.5586,36400
JP.5587,9400
JP.5588,53500
JP.5589,800
JP.558A,19900
JP.5590,33900
JP.5591,21000
JP.5592,60500
JP.5597,31300
JP.5599,592600
JP.559A,8400
JP.5602,266900
JP.5603,7500
JP.5609,6800
JP.5612,6200
JP.5616,1400
JP.5618,1500
JP.5619,600
JP.5621,192000
JP.5631,1073300
JP.5632,95200
JP.5644,3800
JP.5658,38300
JP.5659,68200
JP.5695,0
JP.5697,6000
JP.5698,164700
JP.5699,4200
JP.5702,323800
JP.5703,227700
JP.5704,3900
JP.5706,18148300
JP.5707,396300
JP.5711,1811300
JP.5713,2776100
JP.5714,430000
JP.5715,310800
JP.5721,1530400
JP.5724,50100
JP.5726,892400
JP.5729,6600
JP.5741,1073100
JP.5742,3000
JP.5753,1700
JP.5757,10700
JP.575A,189400
JP.5801,21548800
JP.5802,15452800
JP.5803,29768700
JP.5805,1880300
JP.5816,11300
JP.5817,64300
JP.5819,1800
JP.581A,2370700
JP.5820,57000
JP.5821,56700
JP.5830,1132900
JP.5831,1932800
JP.5832,492200
JP.5834,85400
JP.5838,1260900
JP.5842,96100
JP.5843,2600
JP.5844,916200
JP.5845,26100
JP.584A,45400
JP.5851,206400
JP.5852,90100
JP.5857,430800
JP.5858,3600
JP.5867,1300
JP.5868,4000
JP.5869,5500
JP.5870,11300
JP.5871,4100
JP.5884,8600
JP.5885,44700
JP.5888,14600
JP.5889,130900
JP.5891,7000
JP.5892,64500
JP.589A,28600
JP.5900,900
JP.5901,435200
JP.5902,28000
JP.5905,0
JP.5906,3100
JP.5909,24100
JP.590A,173400
JP.5911,130500
JP.5915,14500
JP.5918,1600
JP.5921,200
JP.5922,200
JP.5923,500
JP.5928,8600
JP.5929,605400
JP.5930,139200
JP.5932,1150800
JP.5933,37900
JP.5936,2200
JP.5938,2370700
JP.5939,200
JP.593A,47351200
JP.5940,11100
JP.5941,1800
JP.5942,75300
JP.5943,65300
JP.5945,1300
JP.5946,74100
JP.5947,310400
JP.5949,148100
JP.5950,25300
JP.5951,5900
JP.5952,141800
JP.5955,1043500
JP.5956,2000
JP.5957,157600
JP.5958,31900
JP.5959,140100
JP.5962,1200
JP.5965,9000
JP.5966,0
JP.5967,10300
JP.5969,200
JP.5970,88200
JP.5971,1000
JP.5973,500
JP.5974,500
JP.5975,79000
JP.5976,85400
JP.5981,64200
JP.5982,5000
JP.5983,600
JP.5984,10800
JP.5985,1318600
JP.5986,103300
JP.5987,3200
JP.5988,155100
JP.5989,146000
JP.598A,18200
JP.5990,1600
JP.5991,867800
JP.5992,55100
JP.5994,5500
JP.5997,1800
JP.5998,11700
JP.6005,411700
JP.6013,155200
JP.6016,143500
JP.6018,400
JP.6022,1300
JP.6023,108700
JP.6027,70400
JP.6029,25700
JP.6030,9000
JP.6031,27700
JP.6033,10200
JP.6034,25000
JP.6035,51300
JP.6036,151800
JP.6037,58700
JP.6038,3500
JP.6039,61300
JP.603A,850700
JP.6040,10600
JP.6042,1000
JP.6044,900
JP.6045,7000
JP.6046,26200
JP.6047,33600
JP.6049,6700
JP.604A,1556300
JP.6050,40900
JP.6054,21800
JP.6055,539100
JP.6058,381700
JP.6059,3000
JP.6061,5200
JP.6062,76100
JP.6063,300
JP.6069,22700
JP.6070,28500
JP.6071,137200
JP.6072,315100
JP.6073,120700
JP.6074,4900
JP.6078,15100
JP.607A,263000
JP.6080,60100
JP.6081,221300
JP.6082,26700
JP.6083,54500
JP.6085,3201400
JP.6086,15900
JP.6087,1300
JP.6088,371500
JP.6089,41600
JP.6090,1600
JP.6091,2900
JP.6092,16900
JP.6093,210900
JP.6094,10600
JP.6098,3998900
JP.6099,68200
JP.6101,400000
JP.6103,271300
JP.6104,223100
JP.6113,2131300
JP.6118,297900
JP.6125,37200
JP.6134,645200
JP.6135,582400
JP.6136,370000
JP.6137,27800
JP.6138,13100
JP.6140,269500
JP.6141,1546800
JP.6143,510800
JP.6144,10800
JP.6145,69200
JP.6146,1871900
JP.6147,0
JP.6149,19700
JP.6150,600
JP.6151,19200
JP.6155,1500
JP.6156,5400
JP.6157,141400
JP.6158,1000
JP.6159,300
JP.6161,3200
JP.6165,76200
JP.6166,146300
JP.6167,64400
JP.6171,3300
JP.6176,59500
JP.6177,266600
JP.6178,6276100
JP.6180,800
JP.6181,55000
JP.6182,22600
JP.6183,277200
JP.6184,92700
JP.6185,3100
JP.6186,1800
JP.6189,7100
JP.618A,323100
JP.6190,9500
JP.6191,284200
JP.6193,72100
JP.6194,247700
JP.6195,14200
JP.6196,384000
JP.6198,700
JP.6199,20500
JP.619A,1691400
JP.6200,317400
JP.6203,780100
JP.6208,309300
JP.6209,64700
JP.6217,59600
JP.6218,2100
JP.621A,336400
JP.6222,210200
JP.6223,31300
JP.6224,21800
JP.6226,138800
JP.6227,1281800
JP.6228,44800
JP.6229,9300
JP.622A,52000
JP.6230,700
JP.6231,31200
JP.6232,748600
JP.6233,600
JP.6235,286200
JP.6237,42100
JP.6238,76900
JP.6239,7400
JP.623A,271600
JP.6240,513900
JP.6245,97700
JP.6246,7000
JP.6247,62000
JP.6248,600
JP.6249,6000
JP.6250,134400
JP.6254,426600
JP.6255,1213500
JP.6257,34800
JP.6258,299600
JP.625A,829400
JP.6262,122600
JP.6264,546200
JP.6265,13700
JP.6266,242000
JP.6267,200
JP.6268,1067300
JP.6269,918600
JP.6272,97300
JP.6273,285500
JP.6276,66900
JP.6277,67200
JP.6278,268200
JP.6279,44400
JP.627A,4600200
JP.6282,92200
JP.6284,29300
JP.6286,1700
JP.6287,107200
JP.6289,74500
JP.6291,31000
JP.6292,14600
JP.6294,19200
JP.6298,157200
JP.6301,5888000
JP.6302,861700
JP.6305,1410900
JP.6306,126000
JP.6307,5200
JP.6309,192200
JP.6310,92800
JP.6315,3617900
JP.6316,12700
JP.6317,71500
JP.6322,1200
JP.6323,2214200
JP.6324,1199900
JP.6325,2100
JP.6326,6579600
JP.6327,388300
JP.6328,70900
JP.6330,3060100
JP.6331,358400
JP.6332,351300
JP.6333,36000
JP.6334,2700
JP.6335,39500
JP.6336,69600
JP.6337,62900
JP.6338,13300
JP.6339,248300
JP.6340,44900
JP.6342,0
JP.6343,27400
JP.6345,227500
JP.6346,0
JP.6347,4200
JP.6349,144500
JP.634A,395900
JP.6351,66000
JP.6356,264500
JP.6357,26100
JP.6358,44700
JP.6360,100
JP.6361,2273600
JP.6363,174800
JP.6364,73700
JP.6365,600
JP.6366,4426400
JP.6367,1188500
JP.6368,1589000
JP.6369,85800
JP.6370,454800
JP.6371,184700
JP.6376,336600
JP.6378,131700
JP.6379,307400
JP.6380,200
JP.6381,87500
JP.6382,13000
JP.6383,1427400
JP.6384,6900
JP.6387,116400
JP.6390,56700
JP.6391,2900
JP.6392,100
JP.6393,900
JP.6395,491200
JP.6396,0
JP.6400,25200
JP.6402,3200
JP.6405,19500
JP.6407,1284800
JP.6408,200
JP.640A,30100
JP.6412,343800
JP.6413,89900
JP.6417,696200
JP.6418,172000
JP.6419,55000
JP.641A,798100
JP.6420,48800
JP.6424,1700
JP.6425,244000
JP.6428,1500
JP.642A,1699600
JP.6430,38400
JP.6432,351200
JP.6433,348200
JP.6436,293600
JP.6440,380400
JP.6444,117400
JP.6445,48200
JP.6448,1117800
JP.6454,228700
JP.6455,87300
JP.6457,183700
JP.6458,277600
JP.6459,82500
JP.6460,1511800
JP.6463,100400
JP.6464,382100
JP.6465,333600
JP.6466,9200
JP.6467,6300
JP.6469,375400
JP.646A,11005100
JP.6470,67500
JP.6471,2016800
JP.6472,2899400
JP.6473,1368900
JP.6474,176700
JP.6479,3009400
JP.6480,603100
JP.6481,1113500
JP.6482,119700
JP.6484,1400
JP.6485,69000
JP.6486,0
JP.6488,6200
JP.648A,0
JP.6490,133000
JP.6492,43300
JP.6493,148600
JP.6494,258900
JP.6495,168400
JP.6496,14200
JP.6497,4900
JP.6498,505900
JP.6501,8036800
JP.6503,6385600
JP.6504,720600
JP.6505,60000
JP.6506,3545500
JP.6507,164200
JP.6508,199900
JP.6513,10900
JP.6516,95500
JP.6517,91600
JP.6518,6600
JP.6521,175100
JP.6522,689100
JP.6523,1795800
JP.6524,231000
JP.6525,5869400
JP.6526,3590000
JP.652A,0
JP.6532,1050000
JP.6533,82100
JP.6535,189300
JP.6537,63600
JP.6538,23600
JP.6539,55200
JP.653A,0
JP.6540,36300
JP.6543,600
JP.6544,576700
JP.6545,21600
JP.6546,800
JP.6547,46900
JP.6548,7100
JP.6549,600
JP.6551,7600
JP.6552,62400
JP.6554,9700
JP.6555,5900
JP.6557,52200
JP.6558,800
JP.6560,14100
JP.6561,7200
JP.6562,17300
JP.6563,4200
JP.6564,46000
JP.6565,0
JP.6566,2800
JP.6568,3300
JP.656A,0
JP.6570,52500
JP.6571,28600
JP.6572,130300
JP.6573,222600
JP.6574,778600
JP.6577,11200
JP.6578,4500
JP.6579,4000
JP.6580,11300
JP.6584,502200
JP.6586,1092300
JP.6588,140500
JP.658A,0
JP.6590,833800
JP.6592,929600
JP.6594,11280100
JP.6597,160200
JP.6599,22400
JP.660A,0
JP.6612,5600
JP.6613,2467100
JP.6614,5700
JP.6615,173300
JP.6616,81000
JP.6617,103200
JP.6619,1871800
JP.6620,42900
JP.6622,1003900
JP.6625,264600
JP.6626,18000
JP.6627,403500
JP.6629,438300
JP.6630,47300
JP.6632,2113100
JP.6633,3700
JP.6634,51800
JP.6635,5700
JP.6637,26400
JP.6638,258400
JP.6643,8400
JP.6644,255000
JP.6645,1233900
JP.6647,1800
JP.6648,38500
JP.6651,90900
JP.6652,146800
JP.6653,84900
JP.6654,3900
JP.6656,16800
JP.6658,22400
JP.6659,4866200
JP.6662,300
JP.6663,418100
JP.6664,43000
JP.6666,41100
JP.6668,143200
JP.6674,609200
JP.6675,36600
JP.6676,63500
JP.6677,59300
JP.6678,9300
JP.6694,6100
JP.6696,11800
JP.6699,113300
JP.6701,7243400
JP.6702,8302800
JP.6703,424800
JP.6706,31700
JP.6707,288200
JP.6718,38200
JP.6721,20806600
JP.6723,10935300
JP.6724,1507000
JP.6727,602700
JP.6728,383100
JP.6730,115200
JP.6731,104900
JP.6734,0
JP.6736,50400
JP.6737,99300
JP.6740,7769500
JP.6741,138100
JP.6742,252200
JP.6743,9300
JP.6744,91600
JP.6745,170200
JP.6748,19600
JP.6750,188000
JP.6752,8860900
JP.6753,3535500
JP.6754,1052200
JP.6757,1500
JP.6758,10556700
JP.6762,12675500
JP.6763,28100
JP.6768,873700
JP.6769,60500
JP.6770,1588600
JP.6771,15000
JP.6772,200
JP.6775,37300
JP.6776,32100
JP.6777,159600
JP.6778,6900
JP.6779,604300
JP.6785,69900
JP.6786,168400
JP.6787,454400
JP.6788,22700
JP.6794,215300
JP.6797,2400
JP.6798,14300
JP.6800,212600
JP.6803,398200
JP.6804,241800
JP.6806,130000
JP.6807,783900
JP.6809,77100
JP.6810,120900
JP.6814,436200
JP.6817,110300
JP.6819,11100
JP.6820,23300
JP.6822,900
JP.6823,42500
JP.6824,10400
JP.6832,76000
JP.6834,856900
JP.6835,971000
JP.6836,11800
JP.6837,60900
JP.6838,146300
JP.6840,282200
JP.6841,1604700
JP.6844,86400
JP.6845,1712600
JP.6848,3100
JP.6849,600500
JP.6850,31200
JP.6853,22000
JP.6855,553700
JP.6856,173500
JP.6857,12892600
JP.6858,28800
JP.6859,173000
JP.6861,532700
JP.6862,177500
JP.6863,79400
JP.6864,38500
JP.6866,41400
JP.6867,2900
JP.6869,2472200
JP.6870,3100
JP.6871,1795500
JP.6874,3100
JP.6875,139300
JP.6877,71000
JP.6882,57000
JP.6888,29900
JP.6890,1534100
JP.6894,100
JP.6897,18000
JP.6898,4200
JP.6899,9800
JP.6902,7257600
JP.6904,341200
JP.6905,244000
JP.6907,25900
JP.6908,169000
JP.6912,13900
JP.6914,155900
JP.6915,19200
JP.6918,34900
JP.6919,4300
JP.6920,4658900
JP.6923,358000
JP.6925,296700
JP.6926,4800
JP.6927,40500
JP.6928,25400
JP.6929,79500
JP.6932,21100
JP.6941,347500
JP.6942,76900
JP.6943,1100
JP.6946,121800
JP.6947,65200
JP.6951,321900
JP.6952,1039100
JP.6954,3601000
JP.6955,43800
JP.6958,1091400
JP.6960,188200
JP.6961,129500
JP.6962,291300
JP.6963,3068600
JP.6964,4400
JP.6965,2282200
JP.6966,1948300
JP.6969,112000
JP.6971,3278600
JP.6976,30203400
JP.6977,22000
JP.6981,20531500
JP.6982,1700
JP.6986,365000
JP.6988,3937000
JP.6989,9200
JP.6993,1596600
JP.6994,161600
JP.6995,105800
JP.6996,835600
JP.6997,897800
JP.6998,66800
JP.6999,485600
JP.7003,2705800
JP.7004,1393500
JP.7011,17165500
JP.7012,14624500
JP.7013,13788300
JP.7014,1250600
JP.7018,40000
JP.7021,1600
JP.7022,62400
JP.7030,4300
JP.7031,2300
JP.7033,33100
JP.7034,50000
JP.7035,28100
JP.7036,100
JP.7037,3200
JP.7038,23300
JP.7039,12100
JP.7040,3100
JP.7041,5400
JP.7042,1400
JP.7043,200
JP.7044,23700
JP.7046,5700
JP.7047,60600
JP.7048,168800
JP.7049,11500
JP.7050,15000
JP.7057,0
JP.7058,900
JP.7059,74200
JP.7060,4200
JP.7061,41800
JP.7062,3200
JP.7063,1728900
JP.7064,500
JP.7065,20300
JP.7066,9500
JP.7067,0
JP.7068,48200
JP.7069,25600
JP.7071,669700
JP.7072,2900
JP.7073,300
JP.7074,3200
JP.7075,6900
JP.7077,1000
JP.7078,17300
JP.7079,1500
JP.7080,4800
JP.7081,3600
JP.7082,0
JP.7083,6100
JP.7084,5500
JP.7085,258600
JP.7087,4200
JP.7089,11500
JP.7090,400
JP.7091,19400
JP.7093,19000
JP.7094,16500
JP.7095,61900
JP.7096,1200
JP.7097,1300
JP.7102,50400
JP.7110,7100
JP.7111,7400
JP.7112,8600
JP.7114,400
JP.7115,12100
JP.7119,10000
JP.7120,53600
JP.7122,9300
JP.7126,1000
JP.7127,5800
JP.7128,91800
JP.7129,2300
JP.7130,121400
JP.7131,7400
JP.7133,39100
JP.7134,2100
JP.7135,14500
JP.7138,806400
JP.7140,500
JP.7148,466100
JP.7150,18400
JP.7157,307700
JP.7161,220700
JP.7162,21900
JP.7164,366500
JP.7167,2633500
JP.7172,146400
JP.7173,2031000
JP.7175,7800
JP.7177,321600
JP.7180,1208800
JP.7181,2778700
JP.7182,6287800
JP.7183,3800
JP.7184,194000
JP.7185,3700
JP.7186,3751700
JP.7187,51300
JP.7189,514000
JP.7191,17100
JP.7192,34900
JP.7196,5400
JP.7198,238200
JP.7199,153900
JP.7201,35386300
JP.7202,3449700
JP.7203,21975200
JP.7208,2200
JP.7211,6563100
JP.7212,17900
JP.7213,13500
JP.7214,6800
JP.7215,2800
JP.7217,500
JP.7218,100
JP.7219,1900
JP.7220,532700
JP.7222,103800
JP.7224,213400
JP.7226,402400
JP.7228,300
JP.7231,70200
JP.7235,14800
JP.7236,248300
JP.7238,4439200
JP.7239,104800
JP.7240,0
JP.7241,252600
JP.7242,328300
JP.7244,195300
JP.7245,477900
JP.7246,292200
JP.7247,23600
JP.7254,1300
JP.7255,0
JP.7256,475200
JP.7259,2954600
JP.7261,5620800
JP.7264,3700
JP.7265,1700
JP.7266,29000
JP.7267,17992200
JP.7269,9330000
JP.7270,2296200
JP.7271,85600
JP.7272,4609000
JP.7273,175400
JP.7276,728200
JP.7277,48400
JP.7278,213500
JP.7279,185400
JP.7280,148100
JP.7282,2524800
JP.7283,130900
JP.7284,800
JP.7287,713900
JP.7291,5100
JP.7292,5200
JP.7294,81400
JP.7296,101700
JP.7297,600
JP.7299,3900
JP.7305,27100
JP.7309,214600
JP.7313,314800
JP.7314,500
JP.7318,63000
JP.7320,9700
JP.7322,327800
JP.7325,800
JP.7326,34800
JP.7327,1378200
JP.7337,1295000
JP.7343,1800
JP.7345,4000
JP.7347,4100
JP.7350,91300
JP.7351,3600
JP.7352,2970800
JP.7353,1900
JP.7354,122900
JP.7356,13700
JP.7357,5000
JP.7358,48900
JP.7359,48500
JP.7360,1000
JP.7361,6300
JP.7362,200
JP.7363,2000
JP.7366,65500
JP.7367,9300
JP.7368,1400
JP.7369,2500
JP.7370,2600
JP.7371,9700
JP.7372,12200
JP.7373,86100
JP.7374,4800
JP.7375,74300
JP.7376,79900
JP.7377,2100
JP.7378,9700
JP.7380,737400
JP.7381,805900
JP.7383,1122900
JP.7384,209900
JP.7388,26400
JP.7389,1198100
JP.7399,500
JP.7408,0
JP.7409,176700
JP.7412,1530700
JP.7413,0
JP.7414,46400
JP.7416,2600
JP.7417,11300
JP.7419,663600
JP.7421,119000
JP.7422,17600
JP.7425,1100
JP.7426,0
JP.7427,12600
JP.7433,201800
JP.7434,4500
JP.7435,11800
JP.7438,32200
JP.7442,18900
JP.7443,1000
JP.7444,1400
JP.7446,1000
JP.7447,75900
JP.7453,2432800
JP.7456,104700
JP.7458,413100
JP.7459,365600
JP.7460,10300
JP.7461,600
JP.7462,7000
JP.7463,34300
JP.7464,600
JP.7466,33700
JP.7472,700
JP.7475,28200
JP.7476,121900
JP.7477,2900
JP.7480,61700
JP.7481,5700
JP.7482,65100
JP.7483,148500
JP.7486,400
JP.7487,8000
JP.7490,5600
JP.7494,11500
JP.7500,0
JP.7501,0
JP.7502,800
JP.7504,42100
JP.7505,24800
JP.7506,1300
JP.7508,64500
JP.7509,200
JP.7510,44900
JP.7512,135500
JP.7513,299600
JP.7514,3300
JP.7515,200
JP.7516,57600
JP.7520,17900
JP.7521,200
JP.7522,280000
JP.7523,6100
JP.7524,9400
JP.7525,20800
JP.7527,1587000
JP.7531,300
JP.7532,23622400
JP.7537,112900
JP.7538,6000
JP.7539,11300
JP.7544,9400
JP.7545,330600
JP.7550,872900
JP.75505,400
JP.7551,20000
JP.7552,315800
JP.7554,42700
JP.7555,100
JP.7561,22000
JP.7562,1600
JP.7564,697400
JP.7565,0
JP.7567,44200
JP.7570,12900
JP.7571,310000
JP.7575,177200
JP.7578,66700
JP.7581,367700
JP.7585,2400
JP.7590,85900
JP.7593,302900
JP.7595,202900
JP.7596,33200
JP.7599,890100
JP.7600,132800
JP.7601,7500
JP.7602,19800
JP.7603,470700
JP.7604,5300
JP.7606,193700
JP.7607,37400
JP.7608,119800
JP.7609,95200
JP.7610,631200
JP.7611,178600
JP.7613,167700
JP.7614,4100
JP.7615,67500
JP.7616,426900
JP.7619,9200
JP.7621,3600
JP.7624,108300
JP.7625,5900
JP.7628,47800
JP.7630,472800
JP.7634,100
JP.7636,5100
JP.7637,25700
JP.7638,20400
JP.7640,35900
JP.7643,800
JP.7646,3400
JP.7649,2706100
JP.7670,2700
JP.7673,1300
JP.7674,2800
JP.7677,0
JP.7678,8500
JP.7679,104600
JP.7681,0
JP.7682,3300
JP.7683,23300
JP.7685,288100
JP.7686,27000
JP.7687,4100
JP.7689,24000
JP.7692,109300
JP.7694,32100
JP.7695,10600
JP.7698,1000
JP.7699,600
JP.7701,2014700
JP.7702,34900
JP.7707,316100
JP.7709,0
JP.7711,153000
JP.7713,63600
JP.7715,78000
JP.7716,1396700
JP.7717,194900
JP.7719,185000
JP.7721,367300
JP.7722,15100
JP.7723,24000
JP.7725,85200
JP.7726,8400
JP.7727,116000
JP.7729,287000
JP.7730,286100
JP.7731,1168700
JP.7733,3998700
JP.7734,94600
JP.7735,2114300
JP.7740,1121200
JP.7741,1243200
JP.7743,169700
JP.7744,378900
JP.7745,47000
JP.7746,1409100
JP.7747,1455700
JP.7749,2600
JP.7751,2841500
JP.7752,2506900
JP.7760,121200
JP.7762,1242200
JP.7769,21400
JP.7771,355000
JP.7774,156800
JP.7775,36400
JP.7776,321000
JP.7777,1944600
JP.7779,1433400
JP.7780,289200
JP.7781,3400
JP.7782,1100
JP.7791,1900
JP.7792,12100
JP.7793,1300
JP.7794,259200
JP.7795,69900
JP.7800,5000
JP.7803,1372400
JP.7804,3600
JP.7805,2300
JP.7806,301400
JP.7807,2200
JP.7808,300
JP.7809,4000
JP.7810,72200
JP.7811,26800
JP.7812,100
JP.7813,2900
JP.7814,4400
JP.7815,900
JP.7817,0
JP.7818,148300
JP.7819,12800
JP.7820,143500
JP.7821,117600
JP.7822,93200
JP.7823,52300
JP.7826,284500
JP.7827,5700
JP.7831,14100
JP.7832,2452800
JP.7833,1000
JP.7836,95200
JP.7837,1100
JP.7839,167200
JP.7840,38600
JP.7841,15300
JP.7844,106000
JP.7846,317400
JP.7847,8100
JP.7849,2400
JP.7850,100
JP.7851,0
JP.7856,169800
JP.7857,600
JP.7859,48600
JP.7860,127600
JP.7863,300
JP.7864,304800
JP.7865,1500
JP.7867,705000
JP.7868,204400
JP.7871,3400
JP.7872,3300
JP.7874,64800
JP.7875,29100
JP.7877,1400
JP.7878,10700
JP.7879,11400
JP.7883,38700
JP.7885,16100
JP.7886,600
JP.7887,9100
JP.7888,149100
JP.7893,61500
JP.7896,700
JP.7897,173200
JP.7898,6800
JP.7901,45000
JP.7902,2900
JP.7906,824100
JP.7908,101500
JP.7911,2213200
JP.7912,2092700
JP.7914,52400
JP.7915,319300
JP.7916,300
JP.7917,132900
JP.7918,42000
JP.7919,12300
JP.7921,21400
JP.7927,18300
JP.7928,1400
JP.7931,18900
JP.7932,8900
JP.7936,3756200
JP.7937,22200
JP.7938,5100
JP.7939,300
JP.7942,41800
JP.7943,73200
JP.7944,69800
JP.7946,0
JP.7947,176200
JP.7949,60900
JP.7951,2365900
JP.7952,19800
JP.7953,21000
JP.7955,61700
JP.7956,612000
JP.7957,62100
JP.7962,25200
JP.7963,13700
JP.7965,122100
JP.7966,559100
JP.7970,152100
JP.7971,65500
JP.7972,155800
JP.7974,6138100
JP.7975,6600
JP.7976,119900
JP.7979,72900
JP.7980,47800
JP.7981,134800
JP.7983,1200
JP.7984,571400
JP.7985,0
JP.7986,22300
JP.7987,72000
JP.7988,591400
JP.7989,69100
JP.7990,112400
JP.7991,6800
JP.7992,10900
JP.7994,313100
JP.7995,54900
JP.7997,5200
JP.8001,14428200
JP.8002,4101200
JP.8005,123700
JP.8006,3500
JP.8007,96900
JP.8008,94600
JP.8011,223400
JP.8012,1591000
JP.8013,7900
JP.8014,53700
JP.8015,2237600
JP.8016,817700
JP.8018,36000
JP.8020,806200
JP.8022,216100
JP.8023,7400
JP.8025,1200
JP.8029,11600
JP.8030,900
JP.8031,8677000
JP.8032,280600
JP.8035,8853400
JP.8037,53000
JP.8039,1100
JP.8040,1600
JP.8041,8900
JP.8043,173100
JP.8045,700
JP.8046,11300
JP.8050,317300
JP.8051,274100
JP.8052,65000
JP.8053,12179100
JP.8056,554200
JP.8057,120500
JP.8058,8768100
JP.8059,48500
JP.8060,357500
JP.8061,122800
JP.8065,107600
JP.8066,38500
JP.8070,143400
JP.8074,45100
JP.8075,74600
JP.8076,3100
JP.8077,13800
JP.8078,632400
JP.8079,139000
JP.8081,52800
JP.8084,51600
JP.8085,800
JP.8086,955500
JP.8088,751600
JP.8089,900
JP.8091,17300
JP.8093,57700
JP.8095,98600
JP.8097,132800
JP.8098,135800
JP.8101,41500
JP.8103,151700
JP.8104,7500
JP.8105,1666800
JP.8107,286300
JP.8111,385300
JP.8113,6291600
JP.8115,2700
JP.8117,1354400
JP.8118,200
JP.8119,1800
JP.8123,0
JP.8125,181400
JP.8127,20900
JP.8129,146100
JP.8130,116200
JP.8131,94100
JP.8132,4400
JP.8133,153400
JP.8135,17000
JP.8136,14634300
JP.8137,49000
JP.8138,100
JP.8139,4800
JP.8141,53400
JP.8142,93900
JP.8143,15700
JP.8144,200
JP.8147,100
JP.8150,40700
JP.8151,103100
JP.8152,800
JP.8153,141900
JP.8154,144900
JP.8157,40600
JP.8158,61800
JP.8159,38300
JP.8160,94100
JP.8163,115600
JP.8165,157000
JP.8166,160500
JP.8167,49700
JP.8173,150800
JP.8174,1340100
JP.8179,194100
JP.8181,600
JP.8185,82800
JP.8194,547300
JP.8198,12200
JP.8200,51600
JP.8202,33600
JP.8203,314800
JP.8207,20900
JP.8214,107900
JP.8217,73000
JP.8218,87100
JP.8219,559200
JP.8225,100
JP.8226,163600
JP.8227,563200
JP.8230,25900
JP.8233,1336400
JP.8237,131500
JP.8242,418100
JP.8244,33800
JP.8247,15600
JP.8252,888700
JP.8253,1074200
JP.8254,19700
JP.8255,218000
JP.8260,1200
JP.8267,15153700
JP.8273,392900
JP.8275,38600
JP.8276,120800
JP.8278,285100
JP.8281,122600
JP.8282,1012600
JP.8285,94800
JP.8291,149700
JP.8301,0
JP.8303,3815500
JP.8304,1236600
JP.8306,36874400
JP.8308,10023200
JP.8309,8390100
JP.8316,18057300
JP.8331,4415000
JP.8334,1424900
JP.8336,276900
JP.8337,124400
JP.8338,1220700
JP.8341,795400
JP.8343,998500
JP.8344,184300
JP.8345,657900
JP.8346,964200
JP.8349,29300
JP.8354,950700
JP.8358,1045700
JP.8359,1315700
JP.8360,653000
JP.8361,961900
JP.8362,171600
JP.8364,63900
JP.8365,15400
JP.8366,934800
JP.8367,470300
JP.8368,755500
JP.8370,607100
JP.8377,4282200
JP.8381,819300
JP.8383,34700
JP.8386,378200
JP.8387,335000
JP.8388,969200
JP.8392,280800
JP.8393,339700
JP.8395,66500
JP.8399,150400
JP.8410,4197900
JP.8411,9197800
JP.8416,39900
JP.8418,726800
JP.8421,71
JP.8424,312500
JP.8425,752300
JP.8439,695900
JP.8473,4846300
JP.8508,1667700
JP.8511,581100
JP.8518,22200
JP.8522,156500
JP.8524,1406300
JP.8537,50700
JP.8541,257400
JP.8542,66100
JP.8544,426600
JP.8550,1050400
JP.8551,190400
JP.8558,229300
JP.8562,281800
JP.8563,109400
JP.8566,66200
JP.8570,824000
JP.8572,2131700
JP.8584,212200
JP.8585,841000
JP.8591,3529100
JP.8593,6604200
JP.8595,319000
JP.8596,30900
JP.8600,571200
JP.8601,6383400
JP.8604,8475200
JP.8609,551000
JP.8613,229200
JP.8614,414600
JP.8616,1104400
JP.8617,5000
JP.8622,327800
JP.8624,246400
JP.8628,1065000
JP.8630,2379000
JP.8697,2946100
JP.8698,2335000
JP.8699,31000
JP.8700,1700
JP.8704,112400
JP.8705,31900
JP.8706,176400
JP.8707,114600
JP.8708,121700
JP.8713,108000
JP.8714,919700
JP.8715,348600
JP.8725,4512200
JP.8729,58473900
JP.8737,22900
JP.8739,135100
JP.8742,4100
JP.8746,388000
JP.8747,9300
JP.8750,8414200
JP.8766,103752200
JP.8769,136800
JP.8771,220000
JP.8772,12200
JP.8783,231200
JP.8789,1020700
JP.8793,25500
JP.8795,1231800
JP.8798,194700
JP.8801,12382100
JP.8802,5582000
JP.8803,354500
JP.8804,783200
JP.8818,407600
JP.8830,3350900
JP.8835,13300
JP.8836,24000
JP.8841,87800
JP.8844,26000
JP.8848,2420100
JP.8850,116200
JP.8860,97500
JP.8864,114600
JP.8869,81900
JP.8871,91800
JP.8876,511100
JP.8877,57200
JP.8881,225800
JP.8887,82600
JP.8891,3100
JP.8892,223300
JP.8894,949700
JP.8897,464000
JP.8898,2700
JP.8904,6500
JP.8908,6800
JP.8912,18500
JP.8914,291300
JP.8917,34800
JP.8918,278002300
JP.8919,144700
JP.8920,55800
JP.8923,350500
JP.8927,127600
JP.8928,6400
JP.8929,42700
JP.8931,7300
JP.8934,273100
JP.8935,75500
JP.8938,3600
JP.8944,394800
JP.8945,2500
JP.8946,61700
JP.8995,86800
JP.8996,2500
JP.8999,42800
JP.9001,599500
JP.9003,466900
JP.9005,3363300
JP.9006,816700
JP.9007,1345300
JP.9008,1940100
JP.9009,1995900
JP.9010,267200
JP.9012,1200
JP.9017,300
JP.9020,3160200
JP.9021,2371600
JP.9022,2565000
JP.9023,1741100
JP.9024,887400
JP.9025,62700
JP.9028,35900
JP.9029,5200
JP.9031,285200
JP.9033,10000
JP.9034,5300
JP.9036,10100
JP.9037,156500
JP.9039,77400
JP.9041,554500
JP.9042,1970700
JP.9044,399000
JP.9045,249700
JP.9046,20700
JP.9048,638900
JP.9049,0
JP.9051,1200
JP.9052,47600
JP.9057,2800
JP.9059,3000
JP.9060,300
JP.9063,700
JP.9064,1292100
JP.9065,1116200
JP.9068,49900
JP.9069,407900
JP.9072,312500
JP.9073,500
JP.9074,5700
JP.9075,96700
JP.9076,420700
JP.9081,16300
JP.9082,3500
JP.9083,5200
JP.9087,0
JP.9090,226000
JP.9101,2920000
JP.9104,2858900
JP.9107,3687000
JP.9110,19800
JP.9115,40000
JP.9119,223900
JP.9127,2800
JP.9130,289500
JP.9142,708300
JP.9143,1179600
JP.9145,46600
JP.9147,849100
JP.9158,35100
JP.9159,3600
JP.9160,14500
JP.9162,3800
JP.9163,28800
JP.9165,9900
JP.9166,551500
JP.9168,73300
JP.9171,500
JP.9173,1200
JP.9193,5200
JP.9201,1896000
JP.92015,3600
JP.9202,2521200
JP.92025,10000
JP.9204,45000
JP.9206,1100
JP.9211,84200
JP.9212,38600
JP.9213,13800
JP.9214,0
JP.9215,1400
JP.9216,29900
JP.9218,14000
JP.9219,2500
JP.9220,500
JP.9221,40100
JP.9223,0
JP.9225,100
JP.9227,154200
JP.9229,86100
JP.9233,9200
JP.9235,18100
JP.9236,1700
JP.9237,2500
JP.9238,1400
JP.9240,4700
JP.9241,900
JP.9242,900
JP.9244,13800
JP.9245,4800
JP.9246,36600
JP.9247,308300
JP.9248,31300
JP.9249,3500
JP.9250,527000
JP.9251,69000
JP.9252,9900
JP.9253,4200
JP.9254,5100
JP.9256,9800
JP.9257,0
JP.9258,100
JP.9259,3600
JP.9262,27200
JP.9264,11200
JP.9265,0
JP.9267,70200
JP.9268,1464900
JP.9270,52800
JP.9271,12900
JP.9272,2000
JP.9273,67400
JP.9274,252800
JP.9278,166700
JP.9279,320300
JP.9282,1095
JP.9284,2896
JP.9285,717
JP.9286,4219
JP.9301,972500
JP.9302,235400
JP.9303,111000
JP.9304,467700
JP.9305,67000
JP.9306,4700
JP.9307,1700
JP.9308,166000
JP.9310,88300
JP.9311,0
JP.9312,10700
JP.9313,0
JP.9319,29000
JP.9322,5900
JP.9324,99700
JP.9325,17000
JP.9326,2900
JP.9327,4600
JP.9330,800
JP.9331,1400
JP.9332,64700
JP.9336,207600
JP.9337,1800
JP.9339,1300
JP.9340,5200
JP.9341,76800
JP.9342,100
JP.9343,21100
JP.9344,4500
JP.9345,300
JP.9346,900
JP.9347,51000
JP.9348,3381400
JP.9351,3600
JP.9353,0
JP.9355,100
JP.9360,900
JP.9361,0
JP.9362,500
JP.9363,4600
JP.9364,390000
JP.9365,300
JP.9366,14200
JP.9367,900
JP.9368,20600
JP.9369,52700
JP.9376,1700
JP.9380,17300
JP.9381,44800
JP.9385,4900
JP.9399,2979840
JP.9401,281600
JP.9404,1136600
JP.9405,62700
JP.9408,0
JP.9409,318600
JP.9412,2420700
JP.9413,62200
JP.9414,94000
JP.9416,299600
JP.9417,3300
JP.9418,346700
JP.9419,14800
JP.9421,4400
JP.9423,114200
JP.9424,2518900
JP.9425,2585600
JP.9428,0
JP.9432,169670000
JP.9433,7550200
JP.9434,70127300
JP.94345,4200
JP.94346,800
JP.9435,126600
JP.9436,736000
JP.9438,39500
JP.9439,4100
JP.9441,6300
JP.9444,6800
JP.9445,900
JP.9446,3300
JP.9449,496300
JP.9450,29400
JP.9466,3500
JP.9467,64200
JP.9468,355700
JP.9470,99600
JP.9474,129900
JP.9475,1100
JP.9476,0
JP.9478,4200
JP.9501,34772900
JP.9502,5504000
JP.9503,3893000
JP.9504,2001300
JP.9505,867300
JP.9506,3168900
JP.9507,830500
JP.9508,0
JP.9509,1625700
JP.9511,234000
JP.9513,765400
JP.9514,154100
JP.9517,292800
JP.9519,1040900
JP.9531,1528500
JP.9532,1179100
JP.9533,894000
JP.9534,168600
JP.9535,101400
JP.9536,123700
JP.9537,300
JP.9539,600
JP.9543,159800
JP.9551,205000
JP.9552,247400
JP.9553,91800
JP.9554,25400
JP.9556,28100
JP.9557,6400
JP.9558,3600
JP.9560,26100
JP.9561,13700
JP.9562,1500
JP.9563,7300
JP.9564,18700
JP.9565,700
JP.9601,34700
JP.9602,3403200
JP.9603,474400
JP.9605,124900
JP.9610,57900
JP.9612,22200
JP.9616,796200
JP.9619,48200
JP.9621,51700
JP.9622,98500
JP.9625,2700
JP.9627,113700
JP.9628,57500
JP.9629,36700
JP.9632,58800
JP.9633,4100
JP.9635,1000
JP.9636,500
JP.9639,6700
JP.9640,4200
JP.9644,64100
JP.9647,700
JP.9651,26400
JP.9656,3000
JP.9658,190600
JP.9661,8800
JP.9663,31000
JP.9672,68800
JP.9678,75300
JP.9679,500
JP.9682,441700
JP.9684,968800
JP.9685,2400
JP.9686,1800
JP.9687,2000
JP.9691,500
JP.9692,116600
JP.9697,3172900
JP.9698,3200
JP.9699,120300
JP.9701,4200
JP.9702,25000
JP.9704,285400
JP.9706,1082900
JP.9708,69900
JP.9709,19000
JP.9713,5500
JP.9715,64000
JP.9716,601800
JP.9720,1000
JP.9722,150900
JP.9723,600
JP.9726,36000
JP.9729,30000
JP.9731,700
JP.9733,11600
JP.9735,1083100
JP.9739,28700
JP.9740,20900
JP.9742,39100
JP.9743,393100
JP.9744,593300
JP.9746,55700
JP.9749,0
JP.9753,10700
JP.9755,133800
JP.9757,230500
JP.9759,244100
JP.9760,81400
JP.9761,1800
JP.9763,15500
JP.9765,26200
JP.9766,406400
JP.9767,4500
JP.9768,16800
JP.9769,19100
JP.9776,0
JP.9778,200
JP.9780,5600
JP.9782,25900
JP.9787,0
JP.9788,74100
JP.9790,38500
JP.9791,2300
JP.9793,228800
JP.9795,16600
JP.9799,7900
JP.9812,8100
JP.9816,9900
JP.9818,400
JP.9820,100
JP.9823,73100
JP.9824,78300
JP.9827,7600
JP.9828,51100
JP.9830,171800
JP.9831,4119700
JP.9832,328700
JP.9835,1300
JP.9837,59500
JP.9842,174700
JP.9843,2327500
JP.9845,7700
JP.9846,18500
JP.9849,200
JP.9850,98700
JP.9853,300
JP.9854,23800
JP.9856,37900
JP.9857,4500
JP.9861,518300
JP.9867,0
JP.9869,40600
JP.9872,6100
JP.9876,27400
JP.9878,15300
JP.9880,107400
JP.9882,287400
JP.9885,700
JP.9887,39700
JP.9888,84900
JP.9889,548400
JP.9890,3600
JP.9895,800
JP.9896,34000
JP.9900,140100
JP.9902,49300
JP.9903,6200
JP.9904,16500
JP.9906,1300
JP.9908,6300
JP.9913,2300
JP.9914,0
JP.9927,0
JP.9928,74100
JP.9929,2800
JP.9930,10700
JP.9932,43000
JP.9934,281100
JP.9936,304900
JP.9941,17700
JP.9946,82500
JP.9948,128300
JP.9950,5500
JP.9955,900
JP.9956,334800
JP.9959,3100
JP.9960,138400
JP.9962,1281100
JP.9969,3900
JP.9972,16900
JP.9973,3360800
JP.9974,35700
JP.9976,700
JP.9978,341100
JP.9979,25500
JP.9980,92600
JP.9982,3400
JP.9983,922900
JP.9984,37800600
JP.9986,1800
JP.9987,301900
JP.9989,819700
JP.9990,63600
JP.9991,71300
JP.9993,2700
JP.9994,23300
JP.9996,0
JP.9997,240700
JP.DUMY0000648,0
